id,type,#name,fish_buff,ship_fish_num,vip_influence_probability_type,glory_influence_probability_type,noble_influence_probability_type,sport_influence_probability_type,jackpot_accumulate_influence_type,is_use,name,mulriple,exp,drop_mulriple,noble_percentage,speed,capture_probability,capture_max_probability,batteriesfired_probability_fish,produce_skill_id,produce_skill_probability,produce_skill_num,produce_diamonds_probability,produce_diamonds_num,get_lottery_probability,get_lottery_value,get_bonus_proportion,bounding_radius,bounding_count,distribute_interval_min,distribute_interval_max,count_min,count_max,birth_method,time_min,time_max,layer,id_entity,produce_gold_probability,gold_multiples,gold_weight,minimum_random_number,maximum_random_number,capture_probability1,capture_probability2,grow_thtask,miss_accumulation_influence,miss_mini_cannon,miss_return_influence,force_accumulation_influence,force_return_influence,force_stop_coefficient,process_type,clean_value_compensate_influence,recharge_contribution_covering_influence,Energy_infcuence,skill,strike_range,strike_probability,new_player_noble_influence,mulriple_describe,strike_influence,strike_probability_new,strike_multiple,strike_multiple_weight,force_killed_influence,public_coefficient,conversion_coefficient,min_force_killed_multiple,min_force_killed_bullet,force_killed_times_influence,current_cannon_influence,max_force_killed_cannon,bullet_decrease_coefficient,priority_stock_influence,after_stock_influence,gold_stock_influence,same_number_max,fish_grouping,create_way,create_min_cd,create_max_cd,is_integral,random_integral_min,random_integral_max,energy,anger,personal_integral_min,personal_integral_max
int,int,string,int,int,int,int,int,int,int,int,int,int,int,int,int,int,float,float,int,string,string,string,int,int,int,int,int,float,float,int,int,int,int,int,int,int,int,int,int,string,string,int,int,float,float,string,int,int,int,int,int,int,int,int,int,int,int,string,int,int,string,int,int,string,string,int,int,int,int,int,int,int,int,int,int,int,int,int,int,int,int,int,int,int,int,int,int,int,int
#序号,鱼类型,名字,buff,船上鱼数量,VIP影响概率类型,荣誉值影响,贵族值影响,竞技值影响,奖池累积影响,是否使用,名字,鱼倍数,经验值,弹头掉落倍数,贵族值生效系数,速度,捕获概率,最大概率,万炮技能捕鱼概率,产出技能id,技能掉率,数量,钻石掉率,数量,奖券掉率,数量,奖金比例,碰撞区域宽度,碰撞区域长度,刷新CDmin,刷新CDmax,最小数量,最大数量,出生方式,生成CD,生成CD,鱼深度,实物鱼资源ID,掉落金币概率,金币倍数,"金币权重
",最小随机条数,最大随机条数,大厅同类炸弹捕获概率,鱼潮同类炸弹捕获概率,成就任务对应id,MISS库积累,倍数,MISS库返,强发库积累,强发库返还,强发库终止系数,特殊鱼流程,净分值回补,充值贡献回补,是否蓄能,BOSS携带技能,暴击范围,暴击概率,贵族值加成,倍数描述,是否暴击,暴击概率,暴击倍数,暴击权重,是否保底,保底系数1,保底转换系数,最低强杀金币数,最低强杀子弹数,强杀次数限制,炮倍数限制,最大强杀炮倍数,子弹数减少系数,新贵族值影响,劣后隐藏库影响,弹头金币库影响,鱼上限,刷新组,鱼刷新方式,循环刷新min,循环刷新max,是否积分鱼,最小智慧分,最大智慧分,能量值,愤怒值,最小满贯积分,最大满贯积分
"#新手101
十倍1001
百倍10001
600倍：6W
4大师赛
5活动赛
6大奖赛
7妖怪
8满贯大冒险","1小，2中，3大，4BOSS，5普通同类炸弹
6深海炸弹，7电鳗，8奖券，9实物 
10鱼潮同类炸弹，11船，12砸蛋游戏
13猜大小，14一网打尽，15聚宝盆
16鱼潮大鱼，17宝箱，18摇钱树
19小食人鱼，20大食人鱼，21单双鱼
22炸弹鲨鱼，23积分加，24概率加成
99活动鱼，25新手引导鱼，26随机倍数
27世界BOSS，28技能鱼，29超级河豚
30财神爷31鱼怪32满贯大冒险boss",#鱼的名字,"对应buff表ID
0无","类型为11时使用
废弃","VIP提升概率
0否
1是","大师赛用
0否
1是","0否
1是","0否
1是","抽水寻宝
0否
1是","0否
1是",名字,鱼倍数,经验值,"食人鱼：值*1
普通：值*0.5","低于该值时贵族值不生效
万分比",鱼的速度,捕获鱼概率,最大概率,"万炮技能捕鱼概率
废弃","101-锁定，102-冰封，103-召唤，104-金蟾.聚宝盆，105-龙龟.聚宝盆，106-貔貅.聚宝盆，107-百炮，108-千炮，-109-万炮，1001-青铜宝箱，1002-白银宝箱，1003-黄金宝箱，1004-铂金宝箱
","产出概率
万分比",产出数量,技能、钻石、物品每次只能产出1种,产出数量,"捕鱼成功后能否获得奖券概率
万分比",影响最终能得到的奖券值,"奖金值=产出金币*获得奖金比例
万分比
客户端使用",客户端使用,客户端使用,毫秒,毫秒,"","","1：时间差
2：偏移阵型
3：随机
4：新手引导","生成多条同种鱼的CD min
ms","生成多条同种鱼的CD max
ms",控制鱼的层级,"",打中时击币获取，世界boss、食人鱼用,"当前子弹倍数
除以10000","倍数权重
总1W",同类炸弹时，刷出该种鱼的最小条数,同类炸弹时，刷出该种鱼的最大条数,大厅同类炸弹鱼捕获概率,鱼潮同类炸弹鱼捕获概率,填写鱼对应的任务id,"0否
1是",低于该值时积累,"0否
1是","0否
1是","0否
1是",值小于子弹数量是停止,"1-贵族值流程
2-星彼
3-纯概率
4-七劫流程
5-充值、弹头库
6新流程","0否
1是","0否
1是","0否
1是",击杀时获得技能,已废弃,万分比,"0否
1是",图鉴表用,"0否
1是",暴击概率，万分比,"暴击倍数
最多10个数值","","0否
1是",公共系数,转换系数，万分比,消耗金币达到倍数*值才触发强杀,"最低发射子弹数
同时满足子弹和金币才会触发","0否
1是","0否
1是",最大强杀炮倍数，炮倍数大于该值时不强杀,连续未打死鱼，子弹数变化的计算，万分比,"0否
1是
未使用","已废弃0否
1是","0否
1是",同时存在的同种鱼数量限制,"相同刷新组内的鱼刷新时不得超过刷新组数量限制
0：没有刷新组，不受限制

ID按照房间顺序递增即可","1：读取正常刷新时间
2：（当鱼游出鱼池或者鱼被捕获后立即计时，使用循环刷新时间）","min
循环刷新时间段
毫秒为单位","max
循环刷新时间段
毫秒为单位","0不是
1是
每日积分赛用，获得金币数对应积分",智慧赛使用弹头捕获获得智慧分,智慧赛使用弹头捕获获得智慧分,"受到攻击降低能量，能量≤0被捕获
只有类型32才用到
","boss愤怒值
0没有
满贯大冒险boss鱼按百分比显示",满贯大冒险用，捕获鱼后获得满贯积分进行排名,满贯大冒险用，捕获鱼后获得满贯积分进行排名
101,1,小红鱼,0,0,0,0,0,0,0,1,20300,2,2,0,10000,200,0.32705865252,0.5,10000,0,0,0,6,1,0,0,0,26,50,32000,43200,3,6,1,500,600,1,0,0,0,0,3,6,0.018888888889,0.0075,31,0,0,0,1,0,30,6,1,0,1,0,"2,5",2000,0,2,1,1776,"2,3,4,5","3897,2597,1948,1558",0,5000,7500,4,6,0,0,1000,10000,0,0,0,0,0,1,0,0,1,15,28,0,0,0,0
102,1,小黄鱼,0,0,0,0,0,0,0,1,20301,2,2,0,10000,200,0.32705865252,0.5,10000,0,0,0,6,1,0,0,0,27,44,20450,26200,3,6,1,500,600,2,0,0,0,0,3,6,0.018888888889,0.012209302326,32,0,0,0,1,0,30,6,1,0,1,0,"2,5",2000,0,2,1,1776,"2,3,4,5","3897,2597,1948,1558",0,5000,7500,4,6,0,0,1000,10000,0,0,0,0,0,1,0,0,1,15,28,0,0,0,0
103,1,斑点鱼,0,0,0,0,0,0,0,1,20302,2,2,0,10000,190,0.32705865252,0.5,10000,0,0,0,9,1,0,0,0,28,51,24000,31000,3,6,1,500,600,3,0,0,0,0,3,6,0.018888888889,0,33,0,0,0,1,0,30,6,1,0,1,0,"2,5",2000,0,2,1,1776,"2,3,4,5","3897,2597,1948,1558",0,5000,7500,4,6,0,0,1000,10000,0,0,0,0,0,1,0,0,1,15,28,0,0,0,0
104,1,小草鱼,0,0,0,0,0,0,0,1,20303,3,3,0,10000,180,0.21803910168,0.5,10000,0,0,0,10,1,0,0,0,36,47,16640,23040,3,6,1,500,600,4,0,0,0,0,3,6,0.014166666667,0.0038043478261,34,0,0,0,1,0,30,6,1,0,1,0,"2,5",2000,0,3,1,1776,"2,3,4,5","3897,2597,1948,1558",0,5000,7500,6,9,0,0,1000,10000,0,0,0,0,0,1,0,0,1,19,35,0,0,0,0
105,1,大眼鱼,0,0,0,0,0,0,0,1,20304,3,3,0,10000,170,0.21803910168,0.5,10000,0,0,0,15,1,0,0,0,35,49,15200,18600,3,6,1,500,600,5,0,0,0,0,3,6,0.012,0,35,0,0,0,1,0,30,6,1,0,1,0,"2,5",2000,0,3,1,1776,"2,3,4,5","3897,2597,1948,1558",0,5000,7500,6,9,0,0,1000,10000,0,0,0,0,0,1,0,0,1,19,35,0,0,0,0
106,1,小眼泡鱼,0,0,0,0,0,0,0,1,20305,4,4,0,10000,170,0.16352932626,0.5,10000,0,0,0,18,1,0,0,0,51,48,14000,16050,1,5,1,500,600,6,0,0,0,0,3,6,0.01,0.0044871794872,36,0,0,0,1,0,30,6,1,0,1,0,"2,5",2000,0,4,1,1776,"2,3,4,5","3897,2597,1948,1558",0,5000,7500,8,11,0,0,1000,10000,0,0,0,0,0,1,0,0,1,23,40,0,0,0,0
107,1,胖头鱼,0,0,0,0,0,0,0,1,20306,5,5,0,10000,160,0.13082346101,0.5,10000,0,0,0,21,1,0,0,0,37,75,26000,28000,1,5,1,500,600,8,0,0,0,0,3,6,0.0091071428571,0,37,0,0,0,1,0,30,6,1,0,1,0,"2,5",2000,0,5,1,1776,"2,3,4,5","3897,2597,1948,1558",0,5000,7500,10,14,0,0,1000,10000,0,0,0,0,0,1,0,0,1,26,45,0,0,0,0
108,1,飞鲤,0,0,0,0,0,0,0,1,20307,6,6,0,10000,160,0.10901955084,0.5,10000,0,0,0,24,1,0,0,0,50,55,27000,32000,1,5,1,600,700,9,0,0,0,0,3,6,0.00796875,0,38,0,0,0,1,0,30,6,1,0,1,0,"2,5",2000,0,6,1,1776,"2,3,4,5","3897,2597,1948,1558",0,5000,7500,12,17,0,0,1000,10000,0,0,0,0,0,1,0,0,1,29,49,0,0,0,0
109,1,孔雀鱼,0,0,0,0,0,0,0,1,20308,7,7,0,10000,155,0.093445329291,0.5,10000,0,0,0,27,1,0,0,0,85,60,24000,28000,1,5,1,700,800,11,0,0,0,0,3,6,0.0070833333333,0,39,0,0,0,1,0,30,6,1,0,1,0,"2,5",2000,0,7,1,1776,"2,3,4,5","3897,2597,1948,1558",0,5000,7500,14,19,0,0,1000,10000,0,0,0,0,0,1,0,0,1,32,53,0,0,0,0
110,1,海龟,0,0,0,0,0,0,0,1,20309,8,8,0,10000,140,0.08176466313,0.5,10000,"101,102,103","185,23,46","1,1,1",60,1,0,0,0,75,64,18500,25000,1,5,1,800,1000,12,0,0,0,0,3,6,0.006375,0,40,0,0,0,1,0,30,6,1,0,1,0,"2,5",2000,0,8,1,1776,"2,3,4,5","3897,2597,1948,1558",0,5000,7500,16,22,0,0,1000,10000,0,0,0,0,0,1,0,0,1,35,57,0,0,0,0
111,2,叮当鱼,0,0,0,0,0,0,0,1,20310,9,9,0,10000,140,0.1,0.5,5000,"101,102,103","222,28,56","1,1,1",71,1,0,0,0,50,68,12000,18600,1,4,3,1200,2000,15,0,0,0,0,3,6,0.0060714285714,0,41,0,0,0,1,0,30,6,1,0,1,0,"0,0",0,0,9,0,0,0,0,0,5000,7500,18,19,0,0,1000,10000,0,0,0,0,0,1,0,0,1,75,120,0,0,0,0
112,2,灯笼鱼,0,0,0,0,0,0,0,1,20311,10,10,0,10000,135,0.09,0.5,5000,"101,102,103","334,42,83","1,1,1",108,1,0,0,0,51,74,18000,22000,1,4,3,1200,2000,16,0,0,0,0,0,0,0,0,42,0,0,1,1,0,30,6,1,0,1,0,"0,0",0,0,10,0,0,0,0,0,5000,7500,20,20,0,0,1000,10000,0,0,0,0,0,1,0,0,1,80,126,0,0,0,0
113,2,蝴蝶鱼,0,0,0,0,0,0,0,1,20312,10,10,0,10000,135,0.09,0.5,5000,"101,102,103","334,42,83","1,1,1",108,1,0,0,0,59,59,15000,18000,1,4,3,1200,2000,17,0,0,0,0,0,0,0,0,43,0,0,1,1,0,30,6,1,0,1,0,"0,0",0,0,10,0,0,0,0,0,5000,7500,20,20,0,0,1000,10000,0,0,0,0,0,1,0,0,1,80,126,0,0,0,0
114,2,马蹄蟹,0,0,0,0,0,0,0,1,20313,12,12,0,10000,130,0.075,0.5,5000,"101,102,103","370,46,93","1,1,1",120,1,0,0,0,55,117,16800,24000,1,3,3,1500,2200,18,0,0,0,0,0,0,0,0,44,0,0,1,1,0,30,6,1,0,1,0,"0,0",0,0,12,0,0,0,0,0,5000,7500,24,25,0,0,1000,10000,0,0,0,0,0,1,0,0,1,89,139,0,0,0,0
115,2,魔鬼鱼,0,0,0,0,0,0,0,1,20314,15,15,0,10000,120,0.06,0.5,5000,"101,102,103","556,70,139","1,1,1",181,1,0,0,0,84,60,21000,30000,1,3,3,1500,2200,20,0,0,0,0,0,0,0,0,45,0,0,1,1,0,30,6,1,0,1,0,"0,0",0,0,15,0,0,0,0,0,5000,7500,30,31,0,0,1000,10000,0,0,0,0,0,1,0,0,1,102,155,0,0,0,0
116,2,蝙蝠鱼,0,0,0,0,0,0,0,1,20315,18,18,0,10000,110,0.05,0.5,5000,"101,102,103","650,81,162","1,1,1",211,1,0,0,0,114,134,22400,28400,1,2,3,1700,2500,22,0,0,0,0,0,0,0,0,46,0,0,1,1,0,30,6,1,0,1,0,"0,0",0,0,18,0,0,0,0,0,5000,7500,36,37,0,0,1000,10000,0,0,0,0,0,1,0,0,1,113,170,0,0,0,0
117,2,箭刺鱼,0,0,0,0,0,0,0,1,20316,20,20,0,10000,100,0.045,0.5,5000,"101,102,103","741,93,185","1,1,1",241,1,0,0,0,60,160,18600,30000,1,1,3,1700,2500,23,0,0,0,0,0,0,0,0,47,0,0,1,1,0,30,6,1,0,1,0,"0,0",0,0,20,0,0,0,0,0,5000,7500,40,40,0,0,1000,10000,0,0,0,0,0,1,0,0,1,121,179,0,0,0,0
118,2,蓝鲨,0,0,0,0,0,0,0,1,20317,25,25,0,10000,100,0.036,0.5,5000,"101,102,103","834,104,209","1,1,1",271,1,0,0,0,90,170,25000,36000,1,1,3,1700,2500,24,0,0,0,0,0,0,0,0,48,0,0,1,1,0,30,6,1,0,1,0,"0,0",0,0,25,0,0,0,0,0,5000,7500,50,50,0,0,1000,10000,0,0,0,0,0,1,0,0,1,138,200,0,0,0,0
123,3,金锤头鲨,0,0,1,1,0,0,1,1,20320,50,50,0,10000,70,0.018,0.5,2000,0,0,0,353,1,0,0,1000,100,260,5000,7000,1,1,3,0,0,32,0,0,0,0,0,0,0,0,53,0,0,1,0,1,14,6,1,0,1,0,"0,0",0,0,50,0,0,0,0,0,5000,7500,70,74,1,1,1000,4000,0,0,0,1,101,2,1000,3000,1,314,424,0,0,0,0
124,3,金蟾,0,0,1,1,0,0,1,1,20321,150,150,0,10000,90,0.006,0.5,2000,0,0,0,1005,1,0,0,1000,120,260,15000,30000,1,1,2,0,0,37,0,0,0,0,0,0,0,0,54,0,0,1,0,1,18,6,1,0,1,0,"0,0",0,0,150,0,0,0,0,0,5000,7500,210,222,1,1,1000,4000,0,0,0,1,103,2,5000,10000,1,606,735,0,0,0,0
125,3,金水母,0,0,1,1,1,0,1,1,20322,160,160,0,10000,50,0.005625,0.5,2000,0,0,0,1160,1,0,0,1000,200,150,15000,25000,1,1,3,0,0,38,0,0,0,0,0,0,0,0,55,0,0,1,0,1,19,6,1,0,1,0,"0,0",0,0,160,0,0,0,0,0,5000,7500,224,236,1,1,1000,4000,1,0,0,1,104,2,10000,20000,1,630,759,0,0,0,0
126,3,金鲨,0,0,1,1,0,0,1,1,20323,100,100,0,10000,50,0.009,0.5,2000,0,0,0,635,1,0,0,1000,110,230,10000,12000,1,1,3,0,0,36,0,0,0,0,0,0,0,0,56,0,0,1,0,1,24,6,1,0,1,0,"0,0",0,0,100,0,0,0,0,0,5000,7500,140,148,1,1,1000,4000,0,0,0,1,103,2,5000,10000,1,475,600,0,0,0,0
127,3,金玳瑁,0,0,1,1,1,0,1,1,20324,200,200,0,10000,50,0.0045,0.5,2000,0,0,0,1283,1,0,0,1000,200,170,20000,30000,1,1,3,0,0,39,0,0,0,0,0,0,0,0,57,0,0,1,0,1,30,6,1,0,1,0,"0,0",0,0,200,0,0,0,0,0,5000,7500,280,295,1,1,1000,4000,1,0,0,1,104,2,10000,20000,1,721,849,0,0,0,0
128,4,美人鱼,0,0,1,1,1,0,0,1,20325,300,300,300,10000,50,0.0029333333333,0.5,0,0,0,0,10000,6,0,0,1000,140,360,135000,150000,1,1,3,0,0,60,0,0,0,0,0,0,0,0,58,0,0,0,0,0,30,6,0,0,1,0,"0,0",0,0,300,0,0,0,0,0,5000,7500,420,539,1,1,1000,4000,1,0,0,0,105,1,0,0,1,0,0,0,0,0,0
134,10,同类炸弹,0,0,1,1,0,0,0,1,20326,0,0,0,10000,0,0.006642,0.5,0,0,0,0,0,0,0,0,0,0,0,0,0,0,0,0,0,0,14,0,0,0,0,0,0,0,0,0,0,0,0,1,0,30,3,0,0,1,0,"0,0",0,0,0,0,0,0,0,0,5000,7500,0,0,0,0,1000,0,0,0,0,0,0,1,0,0,0,0,0,0,0,0,0
136,7,深海电鳗,0,0,1,1,0,0,0,1,20328,100,0,0,10000,40,0.0096,0.5,0,0,0,0,0,0,0,0,0,116,182,240000,360000,1,1,3,0,0,27,0,0,0,0,0,0,0,0,0,0,0,0,1,0,30,3,0,0,1,0,"0,0",0,0,0,0,0,0,0,0,5000,7500,0,0,0,0,1000,0,0,0,0,0,0,1,0,0,0,0,0,0,0,0,0
145,12,砸金蛋,0,0,0,1,0,0,0,1,20330,100,100,0,10000,50,0.009,0.5,2000,0,0,0,0,0,0,0,0,110,94,0,0,0,0,0,0,0,59,0,0,0,0,0,0,0,0,0,0,0,0,1,0,30,3,0,0,1,0,"0,0",0,0,0,0,0,0,0,0,5000,7500,0,0,0,0,1000,0,0,0,0,0,106,1,0,0,0,0,0,0,0,0,0
146,18,摇钱树,0,0,0,1,0,0,0,1,20331,80,80,0,10000,50,0.01125,0.5,2000,0,0,0,0,0,0,0,0,240,220,0,0,0,0,0,0,0,54,0,0,0,0,0,0,0,0,0,0,0,0,1,0,30,3,0,0,1,0,"0,0",0,0,0,0,0,0,0,0,5000,7500,0,0,0,0,1000,0,0,0,0,0,106,1,0,0,0,0,0,0,0,0,0
149,16,金锤头鲨,0,0,1,1,0,0,0,1,20320,50,50,0,10000,90,0.018,0.5,2000,0,0,0,353,1,0,0,1000,100,260,7000,9000,1,1,3,0,0,40,0,0,0,0,0,0,0,0,53,0,0,1,0,1,18,6,1,0,1,0,"0,0",0,0,50,0,0,0,0,0,5000,7500,70,74,1,1,1000,4000,0,0,0,0,0,1,0,0,1,314,424,0,0,0,0
150,16,金蟾,0,0,1,1,0,0,0,1,20321,150,150,0,10000,50,0.006,0.5,2000,0,0,0,914,1,0,0,1000,120,260,0,0,1,1,2,0,0,42,0,0,0,0,0,0,0,0,54,0,0,1,0,1,19,6,1,0,1,0,"0,0",0,0,150,0,0,0,0,0,5000,7500,210,222,1,1,1000,4000,0,0,0,0,0,1,0,0,1,606,735,0,0,0,0
151,16,金水母,0,0,1,1,1,0,0,1,20322,160,160,0,10000,70,0.005625,0.5,2000,0,0,0,1160,1,0,0,1000,200,150,10000,12000,1,1,3,0,0,43,0,0,0,0,0,0,0,0,55,0,0,1,0,1,24,6,1,0,1,0,"0,0",0,0,160,0,0,0,0,0,5000,7500,224,236,1,1,1000,4000,1,0,0,0,0,1,0,0,1,630,759,0,0,0,0
152,16,金鲨,0,0,1,1,0,0,0,1,20323,100,100,0,10000,70,0.009,0.5,2000,0,0,0,635,1,0,0,1000,110,230,10000,12000,1,1,3,0,0,41,0,0,0,0,0,0,0,0,56,0,0,1,0,1,30,6,1,0,1,0,"0,0",0,0,100,0,0,0,0,0,5000,7500,140,148,1,1,1000,4000,0,0,0,0,0,1,0,0,1,475,600,0,0,0,0
153,16,金玳瑁,0,0,1,1,1,0,0,1,20324,200,200,0,10000,70,0.0045,0.5,2000,0,0,0,1283,1,0,0,1000,200,170,10000,12000,1,1,3,0,0,44,0,0,0,0,0,0,0,0,57,0,0,1,0,1,30,6,1,0,1,0,"0,0",0,0,200,0,0,0,0,0,5000,7500,280,295,1,1,1000,4000,1,0,0,0,0,1,0,0,1,721,849,0,0,0,0
154,17,宝箱,0,0,0,1,0,0,0,1,20333,100,100,0,10000,50,0.0095,0.5,2000,0,0,0,0,0,0,0,0,102,103,0,0,0,0,0,0,0,53,0,0,0,0,0,0,0,0,0,0,0,0,1,0,30,3,0,0,1,0,"0,0",0,0,0,0,0,0,0,0,5000,7500,0,0,0,0,1000,0,0,0,0,0,0,1,0,0,0,0,0,0,0,0,0
166,2,蜥蜴鱼,0,0,0,0,0,0,0,1,20374,12,12,0,10000,125,0.075,0.5,5000,"101,102,103","556,70,139","1,1,1",151,1,0,0,0,40,90,6000,12000,1,3,3,1500,2200,19,0,0,0,0,0,0,0,0,0,0,0,1,1,0,30,6,1,0,1,0,"0,0",0,0,12,0,0,0,0,0,5000,7500,24,25,0,0,1000,10000,0,0,0,0,0,1,0,0,1,89,139,0,0,0,0
168,3,金蝙蝠鱼,0,0,1,1,0,0,1,1,20376,70,70,0,10000,80,0.012857142857,0.5,2000,0,0,0,450,1,0,0,1000,150,170,6000,8000,1,1,3,0,0,34,0,0,0,0,0,0,0,0,0,0,0,1,0,1,7,6,1,0,1,0,"0,0",0,0,70,0,0,0,0,0,5000,7500,98,104,1,1,1000,4000,0,0,0,1,102,2,5000,10000,1,384,502,0,0,0,0
169,3,金剑鱼,0,0,1,1,0,0,1,1,20377,50,50,0,10000,80,0.018,0.5,5000,0,0,0,353,1,0,0,1000,40,160,5000,7000,1,1,3,0,0,33,0,0,0,0,0,0,0,0,0,0,0,1,0,1,5,6,1,0,1,0,"0,0",0,0,50,0,0,0,0,0,5000,7500,70,74,1,1,1000,4000,0,0,0,1,102,2,5000,10000,1,314,424,0,0,0,0
170,1,小胖鱼,0,0,0,0,0,0,0,1,20383,4,4,0,10000,170,0.16352932626,0.5,5000,0,0,0,36,1,0,0,0,30,40,18000,24000,1,5,1,400,600,7,0,0,0,0,0,0,0,0,0,0,0,0,1,0,30,6,1,0,1,0,"0,0",0,0,4,0,0,0,0,0,5000,7500,8,8,0,0,1000,10000,0,0,0,0,0,1,0,0,1,23,40,0,0,0,0
171,1,小蝶鱼,0,0,0,0,0,0,0,1,20384,5,5,0,10000,160,0.13082346101,0.5,5000,0,0,0,48,1,0,0,0,55,55,32000,42500,1,5,1,400,600,10,0,0,0,0,0,0,0,0,0,0,0,0,1,0,30,6,1,0,1,0,"0,0",0,0,5,0,0,0,0,0,5000,7500,10,10,0,0,1000,10000,0,0,0,0,0,1,0,0,1,26,45,0,0,0,0
172,2,红彩鱼,0,0,0,0,0,0,0,1,20385,15,15,0,10000,120,0.06,0.5,5000,"101,102,103","556,70,139","1,1,1",181,1,0,0,0,60,120,18000,26500,1,3,3,1500,2200,21,0,0,0,0,0,0,0,0,0,0,0,1,1,0,30,6,1,0,1,0,"0,0",0,0,15,0,0,0,0,0,5000,7500,30,31,0,0,1000,10000,0,0,0,0,0,1,0,0,1,102,155,0,0,0,0
174,3,金马蹄蟹,0,0,1,1,0,0,1,1,20387,80,80,0,10000,80,0.01125,0.5,2000,0,0,0,603,1,0,0,1000,160,200,8000,10000,1,1,3,0,0,35,0,0,0,0,0,0,0,0,0,0,0,1,0,1,8,6,1,0,1,0,"0,0",0,0,80,0,0,0,0,0,5000,7500,112,118,1,1,1000,4000,0,0,0,1,102,2,5000,10000,1,416,537,0,0,0,0
178,28,钻头鱼,0,0,0,0,0,0,0,1,20393,6,118,0,10000,40,0.0083050847458,0.5,0,0,0,0,0,0,0,0,0,150,150,240000,360000,1,1,3,0,0,52,0,0,0,0,0,0,0,0,0,0,0,0,1,0,30,3,0,0,1,202,"0,0",0,0,120,0,0,0,0,0,5000,7500,0,0,0,0,1000,0,0,0,0,0,107,1,0,0,0,0,0,0,0,0,0
181,28,旋风鱼,0,0,0,0,0,0,0,1,20396,8,102,0,10000,40,0.0096078431373,0.5,0,0,0,0,0,0,0,0,0,150,150,360000,480000,1,1,3,0,0,49,0,0,0,0,0,0,0,0,0,0,0,0,1,0,30,3,0,0,1,203,"0,0",0,0,100,0,0,0,0,0,5000,7500,0,0,0,0,1000,0,0,0,0,0,107,1,0,0,0,0,0,0,0,0,0
186,16,金蝙蝠鱼,0,0,1,1,0,0,1,1,20376,70,70,0,10000,60,0.012857142857,0.5,2000,0,0,0,450,1,0,0,1000,150,170,5000,8000,1,1,3,0,0,34,0,0,0,0,0,0,0,0,0,0,0,1,0,1,7,6,1,0,1,0,"0,0",0,0,70,0,0,0,0,0,5000,7500,77,91,1,1,500,7500,0,0,0,0,0,1,0,0,1,384,502,0,0,0,0
187,16,金剑鱼,0,0,1,1,0,0,1,1,20377,50,50,0,10000,70,0.018,0.5,5000,0,0,0,353,1,0,0,1000,40,160,5000,8000,1,1,3,0,0,33,0,0,0,0,0,0,0,0,0,0,0,1,0,1,5,6,1,0,1,0,"0,0",0,0,50,0,0,0,0,0,5000,7500,55,65,1,1,500,7500,0,0,0,0,0,1,0,0,1,314,424,0,0,0,0
1001,1,小红鱼,0,0,0,0,0,0,0,1,20300,2,2,0,10000,200,0.49,0.5,10000,0,0,0,12,1,0,0,0,26,50,32000,43200,3,6,1,500,600,1,0,0,0,0,3,6,0.018888888889,0.0075,31,0,0,0,1,0,30,6,1,0,1,0,"0,0",0,0,2,0,0,0,0,0,5000,7500,4,4,0,0,1000,10000,0,0,0,0,0,1,0,0,1,15,28,0,0,0,0
1002,1,小黄鱼,0,0,0,0,0,0,0,1,20301,2,2,0,10000,200,0.49,0.5,10000,0,0,0,12,1,0,0,0,27,44,20450,26200,3,6,1,500,600,2,0,0,0,0,3,6,0.018888888889,0.012209302326,32,0,0,0,1,0,30,6,1,0,1,0,"0,0",0,0,2,0,0,0,0,0,5000,7500,4,4,0,0,1000,10000,0,0,0,0,0,1,0,0,1,15,28,0,0,0,0
1003,1,斑点鱼,0,0,0,0,0,0,0,1,20302,2,2,0,10000,190,0.49,0.5,10000,0,0,0,18,1,0,0,0,28,51,24000,31000,3,6,1,500,600,3,0,0,0,0,3,6,0.018888888889,0,33,0,0,0,1,0,30,6,1,0,1,0,"0,0",0,0,2,0,0,0,0,0,5000,7500,4,4,0,0,1000,10000,0,0,0,0,0,1,0,0,1,15,28,0,0,0,0
1004,1,小草鱼,0,0,0,0,0,0,0,1,20303,3,3,0,10000,180,0.32666666667,0.5,10000,0,0,0,20,1,0,0,0,36,47,16640,23040,3,6,1,500,600,4,0,0,0,0,3,6,0.014166666667,0.0038043478261,34,0,0,0,1,0,30,6,1,0,1,0,"0,0",0,0,3,0,0,0,0,0,5000,7500,6,7,0,0,1000,10000,0,0,0,0,0,1,0,0,1,19,35,0,0,0,0
1005,1,大眼鱼,0,0,0,0,0,0,0,1,20304,3,3,0,10000,170,0.32666666667,0.5,10000,0,0,0,30,1,0,0,0,35,49,15200,18600,3,6,1,500,600,5,0,0,0,0,3,6,0.012,0,35,0,0,0,1,0,30,6,1,0,1,0,"0,0",0,0,3,0,0,0,0,0,5000,7500,6,7,0,0,1000,10000,0,0,0,0,0,1,0,0,1,19,35,0,0,0,0
1006,1,小眼泡鱼,0,0,0,0,0,0,0,1,20305,4,4,0,10000,170,0.245,0.5,10000,0,0,0,36,1,0,0,0,51,48,14000,16050,1,5,1,500,600,6,0,0,0,0,3,6,0.01,0.0044871794872,36,0,0,0,1,0,30,6,1,0,1,0,"0,0",0,0,4,0,0,0,0,0,5000,7500,8,8,0,0,1000,10000,0,0,0,0,0,1,0,0,1,23,40,0,0,0,0
1007,1,胖头鱼,0,0,0,0,0,0,0,1,20306,5,5,0,10000,160,0.196,0.5,10000,0,0,0,42,1,0,0,0,37,75,26000,28000,1,5,1,500,600,8,0,0,0,0,3,6,0.0091071428571,0,37,0,0,0,1,0,30,6,1,0,1,0,"0,0",0,0,5,0,0,0,0,0,5000,7500,10,10,0,0,1000,10000,0,0,0,0,0,1,0,0,1,26,45,0,0,0,0
1008,1,飞鲤,0,0,0,0,0,0,0,1,20307,6,6,0,10000,160,0.16333333333,0.5,10000,0,0,0,48,1,0,0,0,50,55,27000,32000,1,5,1,600,700,9,0,0,0,0,3,6,0.00796875,0,38,0,0,0,1,0,30,6,1,0,1,0,"0,0",0,0,6,0,0,0,0,0,5000,7500,12,13,0,0,1000,10000,0,0,0,0,0,1,0,0,1,29,49,0,0,0,0
1009,1,孔雀鱼,0,0,0,0,0,0,0,1,20308,7,7,0,10000,155,0.14,0.5,10000,0,0,0,54,1,0,0,0,85,60,24000,28000,1,5,1,700,800,11,0,0,0,0,3,6,0.0070833333333,0,39,0,0,0,1,0,30,6,1,0,1,0,"0,0",0,0,7,0,0,0,0,0,5000,7500,14,15,0,0,1000,10000,0,0,0,0,0,1,0,0,1,32,53,0,0,0,0
1010,1,海龟,0,0,0,0,0,0,0,1,20309,8,8,0,10000,140,0.1225,0.5,10000,"101,102,103","185,23,46","1,1,1",120,1,0,0,0,75,64,18500,25000,1,5,1,800,1000,12,0,0,0,0,3,6,0.006375,0,40,0,0,0,1,0,30,6,1,0,1,0,"0,0",0,0,8,0,0,0,0,0,5000,7500,16,16,0,0,1000,10000,0,0,0,0,0,1,0,0,1,35,57,0,0,0,0
1011,2,叮当鱼,0,0,0,0,0,0,0,1,20310,9,9,0,10000,140,0.10888888889,0.5,5000,"101,102,103","222,28,56","1,1,1",142,1,0,0,0,50,68,12000,18600,1,4,3,1200,2000,15,0,0,0,0,3,6,0.0060714285714,0,41,0,0,0,1,0,30,6,1,0,1,0,"0,0",0,0,9,0,0,0,0,0,5000,7500,18,19,0,0,1000,10000,0,0,0,0,0,1,0,0,1,75,120,0,0,0,0
1012,2,灯笼鱼,0,0,0,0,0,0,0,1,20311,10,10,0,10000,135,0.098,0.5,5000,"101,102,103","334,42,83","1,1,1",216,1,0,0,0,51,74,18000,22000,1,4,3,1200,2000,16,0,0,0,0,0,0,0,0,42,0,0,1,1,0,30,6,1,0,1,0,"0,0",0,0,10,0,0,0,0,0,5000,7500,20,20,0,0,1000,10000,0,0,0,0,0,1,0,0,1,80,126,0,0,0,0
1013,2,蝴蝶鱼,0,0,0,0,0,0,0,1,20312,10,10,0,10000,135,0.098,0.5,5000,"101,102,103","334,42,83","1,1,1",216,1,0,0,0,59,59,15000,18000,1,4,3,1200,2000,17,0,0,0,0,0,0,0,0,43,0,0,1,1,0,30,6,1,0,1,0,"0,0",0,0,10,0,0,0,0,0,5000,7500,20,20,0,0,1000,10000,0,0,0,0,0,1,0,0,1,80,126,0,0,0,0
1014,2,马蹄蟹,0,0,0,0,0,0,0,1,20313,12,12,0,10000,130,0.081666666667,0.5,5000,"101,102,103","370,46,93","1,1,1",240,1,0,0,0,55,117,16800,24000,1,3,3,1500,2200,18,0,0,0,0,0,0,0,0,44,0,0,1,1,0,30,6,1,0,1,0,"0,0",0,0,12,0,0,0,0,0,5000,7500,24,25,0,0,1000,10000,0,0,0,0,0,1,0,0,1,89,139,0,0,0,0
1015,2,魔鬼鱼,0,0,0,0,0,0,0,1,20314,15,15,0,10000,120,0.065333333333,0.5,5000,"101,102,103","556,70,139","1,1,1",362,1,0,0,0,84,60,21000,30000,1,3,3,1500,2200,20,0,0,0,0,0,0,0,0,45,0,0,1,1,0,30,6,1,0,1,0,"0,0",0,0,15,0,0,0,0,0,5000,7500,30,31,0,0,1000,10000,0,0,0,0,0,1,0,0,1,102,155,0,0,0,0
1016,2,蝙蝠鱼,0,0,0,0,0,0,0,1,20315,18,18,0,10000,110,0.054444444444,0.5,5000,"101,102,103","650,81,162","1,1,1",422,1,0,0,0,114,134,22400,28400,1,2,3,1700,2500,22,0,0,0,0,0,0,0,0,46,0,0,1,1,0,30,6,1,0,1,0,"0,0",0,0,18,0,0,0,0,0,5000,7500,36,37,0,0,1000,10000,0,0,0,0,0,1,0,0,1,113,170,0,0,0,0
1017,2,箭刺鱼,0,0,0,0,0,0,0,1,20316,20,20,0,10000,80,0.049,0.5,5000,"101,102,103","741,93,185","1,1,1",482,1,0,0,0,60,160,18600,30000,1,1,3,1700,2500,23,0,0,0,0,0,0,0,0,47,0,0,1,1,0,30,6,1,0,1,0,"0,0",0,0,20,0,0,0,0,0,5000,7500,40,40,0,0,1000,10000,0,0,0,0,0,1,0,0,1,121,179,0,0,0,0
1018,2,蓝鲨,0,0,0,0,0,0,0,1,20317,25,25,0,10000,80,0.0392,0.5,5000,"101,102,103","834,104,209","1,1,1",542,1,0,0,0,90,170,42000,60000,1,1,3,1700,2500,24,0,0,0,0,0,0,0,0,48,0,0,1,1,0,30,6,1,0,1,0,"0,0",0,0,25,0,0,0,0,0,5000,7500,50,50,0,0,1000,10000,0,0,0,0,0,1,0,0,1,138,200,0,0,0,0
1023,3,金锤头鲨,0,0,1,1,0,0,1,1,20320,50,50,0,10000,70,0.0196,0.5,2000,0,0,0,706,1,0,0,1000,100,260,5000,7000,1,1,3,0,0,32,0,0,0,0,0,0,0,0,53,0,0,1,0,1,14,6,1,0,1,0,"0,0",0,0,50,0,0,0,0,0,5000,7500,70,75,1,1,1000,4000,0,0,0,1,1001,2,1000,3000,1,314,424,0,0,0,0
1024,3,金蟾,0,0,1,1,0,0,1,1,20321,150,150,0,10000,90,0.0065333333333,0.5,2000,0,0,0,2010,1,0,0,1000,120,260,15000,30000,1,1,2,0,0,37,0,0,0,0,0,0,0,0,54,0,0,1,0,1,18,6,1,0,1,0,"0,0",0,0,150,0,0,0,0,0,5000,7500,210,224,1,1,1000,4000,0,0,0,1,1003,2,5000,10000,1,606,735,0,0,0,0
1025,3,金水母,0,0,1,1,1,0,1,1,20322,160,160,0,10000,50,0.006125,0.5,2000,0,0,0,2320,1,0,0,1000,200,150,16000,20000,1,1,3,0,0,38,0,0,0,0,0,0,0,0,55,0,0,1,0,1,19,6,1,0,1,0,"0,0",0,0,160,0,0,0,0,0,5000,7500,224,239,1,1,1000,4000,1,0,0,1,1004,2,10000,20000,1,630,759,0,0,0,0
1026,3,金鲨,0,0,1,1,0,0,1,1,20323,100,100,0,10000,50,0.0098,0.5,2000,0,0,0,1270,1,0,0,1000,110,230,10000,12000,1,1,3,0,0,36,0,0,0,0,0,0,0,0,56,0,0,1,0,1,24,6,1,0,1,0,"0,0",0,0,100,0,0,0,0,0,5000,7500,140,149,1,1,1000,4000,0,0,0,1,1003,2,5000,10000,1,475,600,0,0,0,0
1027,3,金玳瑁,0,0,1,1,1,0,1,1,20324,200,200,0,10000,50,0.0049,0.5,2000,0,0,0,2566,1,0,0,1000,200,170,20000,30000,1,1,3,0,0,39,0,0,0,0,0,0,0,0,57,0,0,1,0,1,30,6,1,0,1,0,"0,0",0,0,200,0,0,0,0,0,5000,7500,280,298,1,1,1000,4000,1,0,0,1,1004,2,10000,20000,1,721,849,0,0,0,0
1028,4,美人鱼,0,0,1,1,1,0,0,1,20325,300,300,300,10000,50,0.0030666666667,0.5,0,0,0,0,10000,6,0,0,1000,140,360,135000,150000,1,1,3,0,0,60,0,0,0,0,0,0,0,0,58,0,0,0,0,0,30,6,0,0,1,0,"0,0",0,0,300,0,0,0,0,0,5000,7500,420,539,1,1,1000,4000,1,0,0,0,1005,1,0,0,1,0,0,0,0,0,0
1029,4,龙龟,0,0,1,1,1,0,0,1,20334,400,400,400,10000,50,0.0023,0.5,0,0,0,0,10000,6,0,0,1000,174,370,135000,150000,1,1,3,0,0,61,0,0,0,0,0,0,0,0,59,0,0,0,0,0,30,6,0,0,1,10001,"0,0",0,0,400,0,0,0,0,0,5000,7500,560,770,1,1,1000,4000,1,0,0,0,1005,1,0,0,1,0,0,0,0,0,0
1034,10,同类炸弹,0,0,1,1,0,0,1,1,20326,0,0,0,10000,0,0.006642,0.5,0,0,0,0,0,0,0,0,0,0,0,0,0,0,0,0,0,0,14,0,0,0,0,0,0,0,0,0,0,0,0,1,0,30,3,0,0,1,0,"0,0",0,0,0,0,0,0,0,0,5000,7500,0,0,0,0,1000,0,0,0,0,0,0,1,0,0,0,0,0,0,0,0,0
1035,6,深海炸弹,0,0,1,1,0,0,1,1,20327,0,0,0,10000,40,0.00972,0.5,0,0,0,0,0,0,0,0,0,126,120,240000,300000,1,1,3,0,0,25,0,0,0,0,0,0,0,0,0,0,0,0,1,0,30,3,0,0,1,0,"0,0",0,0,0,0,0,0,0,0,5000,7500,0,0,0,0,1000,0,0,0,0,0,0,1,0,0,0,0,0,0,0,0,0
1036,7,深海电鳗,0,0,0,1,0,0,1,1,20328,100,0,0,10000,40,0.009,0.5,0,0,0,0,0,0,0,0,0,116,182,240000,360000,1,1,3,0,0,27,0,0,0,0,0,0,0,0,0,0,0,0,1,0,30,3,0,0,1,0,"0,0",0,0,0,0,0,0,0,0,5000,7500,0,0,0,0,1000,0,0,0,0,0,0,1,0,0,0,0,0,0,0,0,0
1040,8,80渔券,0,0,0,0,0,0,1,1,20338,20,20,20,10000,50,0.045,0.5,0,0,0,0,0,0,10000,50,0,90,142,60000,90000,1,1,3,0,0,55,0,0,0,0,0,0,0,0,0,0,0,0,1,0,30,3,0,0,1,0,"0,0",0,0,20,0,0,0,0,0,5000,7500,0,0,0,0,1000,0,0,0,0,0,0,1,0,0,0,0,0,0,0,0,0
1045,12,砸金蛋,0,0,0,1,0,0,1,1,20330,100,100,0,10000,50,0.009,0.5,2000,0,0,0,0,0,0,0,0,110,94,360000,440000,1,1,3,0,0,59,0,0,0,0,0,0,0,0,0,0,0,0,1,0,30,3,0,0,1,0,"0,0",0,0,0,0,0,0,0,0,5000,7500,0,0,0,0,1000,0,0,0,0,0,1006,1,0,0,0,0,0,0,0,0,0
1046,18,摇钱树,0,0,0,1,0,0,1,1,20331,80,80,0,10000,50,0.01125,0.5,2000,0,0,0,0,0,0,0,0,240,220,540000,620000,1,1,3,0,0,54,0,0,0,0,0,0,0,0,0,0,0,0,1,0,30,3,0,0,1,0,"0,0",0,0,0,0,0,0,0,0,5000,7500,0,0,0,0,1000,0,0,0,0,0,1006,1,0,0,0,0,0,0,0,0,0
1049,16,金锤头鲨,0,0,1,1,0,0,0,1,20320,50,50,0,10000,90,0.0196,0.5,2000,0,0,0,706,1,0,0,1000,100,260,7000,9000,1,1,3,0,0,40,0,0,0,0,0,0,0,0,53,0,0,1,0,1,14,6,1,0,1,0,"0,0",0,0,50,0,0,0,0,0,5000,7500,70,76,1,1,1000,4000,0,0,0,0,0,1,0,0,1,314,424,0,0,0,0
1050,16,金蟾,0,0,1,1,0,0,1,1,20321,150,150,0,10000,50,0.0065333333333,0.5,2000,0,0,0,2680,1,0,0,1000,120,260,0,0,1,1,2,0,0,42,0,0,0,0,0,0,0,0,54,0,0,1,0,1,18,6,1,0,1,0,"0,0",0,0,150,0,0,0,0,0,5000,7500,210,226,1,1,1000,4000,0,0,0,0,0,1,0,0,1,606,735,0,0,0,0
1051,16,金水母,0,0,1,1,1,0,0,1,20322,160,160,0,10000,70,0.006125,0.5,2000,0,0,0,2320,1,0,0,1000,200,150,10000,12000,1,1,3,0,0,43,0,0,0,0,0,0,0,0,55,0,0,1,0,1,19,6,1,0,1,0,"0,0",0,0,160,0,0,0,0,0,5000,7500,224,241,1,1,1000,4000,1,0,0,0,0,1,0,0,1,630,759,0,0,0,0
1052,16,金鲨,0,0,1,1,0,0,0,1,20323,100,100,0,10000,70,0.0098,0.5,2000,0,0,0,1270,1,0,0,1000,110,230,10000,12000,1,1,3,0,0,41,0,0,0,0,0,0,0,0,56,0,0,1,0,1,24,6,1,0,1,0,"0,0",0,0,100,0,0,0,0,0,5000,7500,140,151,1,1,1000,4000,0,0,0,0,0,1,0,0,1,475,600,0,0,0,0
1053,16,金玳瑁,0,0,1,1,1,0,0,1,20324,200,200,0,10000,70,0.0049,0.5,2000,0,0,0,2566,1,0,0,1000,200,170,10000,12000,1,1,3,0,0,44,0,0,0,0,0,0,0,0,57,0,0,1,0,1,30,6,1,0,1,0,"0,0",0,0,200,0,0,0,0,0,5000,7500,280,302,1,1,1000,4000,1,0,0,0,0,1,0,0,1,721,849,0,0,0,0
1054,17,宝箱,0,0,0,1,0,0,1,1,20333,100,100,0,10000,50,0.0085,0.5,2000,0,0,0,0,0,0,0,0,102,103,120000,180000,1,1,3,0,0,53,0,0,0,0,0,0,0,0,0,0,0,0,1,0,30,3,0,0,1,0,"0,0",0,0,0,0,0,0,0,0,5000,7500,0,0,0,0,1000,0,0,0,0,0,0,1,0,0,0,0,0,0,0,0,0
1064,22,鲨鱼导弹,0,0,0,1,0,0,0,1,20380,100,100,0,10000,80,0.0085,0.5,2000,0,0,0,0,0,0,0,0,72,151,440000,540000,0,0,0,0,0,30,0,0,0,0,0,0,0,0,0,0,0,0,1,0,30,3,0,0,1,0,"0,0",0,0,0,0,0,0,0,0,5000,7500,0,0,0,0,1000,0,0,0,0,0,0,1,0,0,0,0,0,0,0,0,0
1066,2,蜥蜴鱼,0,0,0,0,0,0,0,1,20374,12,12,0,10000,125,0.081666666667,0.5,5000,"101,102,103","556,70,139","1,1,1",302,1,0,0,0,40,90,7500,15000,1,3,3,1500,2200,19,0,0,0,0,0,0,0,0,0,0,0,1,1,0,30,6,1,0,1,0,"0,0",0,0,12,0,0,0,0,0,5000,7500,24,25,0,0,1000,10000,0,0,0,0,0,1,0,0,1,89,139,0,0,0,0
1068,3,金蝙蝠鱼,0,0,1,1,0,0,1,1,20376,70,70,0,10000,80,0.014,0.5,2000,0,0,0,900,1,0,0,1000,150,170,6000,8000,1,1,3,0,0,34,0,0,0,0,0,0,0,0,0,0,0,1,0,1,7,6,1,0,1,0,"0,0",0,0,70,0,0,0,0,0,5000,7500,98,105,1,1,1000,4000,0,0,0,1,1002,2,5000,10000,1,384,502,0,0,0,0
1069,3,金剑鱼,0,0,1,1,0,0,1,1,20377,50,50,0,10000,80,0.0196,0.5,5000,0,0,0,706,1,0,0,1000,40,160,5000,7000,1,1,3,0,0,33,0,0,0,0,0,0,0,0,0,0,0,1,0,1,5,6,1,0,1,0,"0,0",0,0,50,0,0,0,0,0,5000,7500,70,75,1,1,1000,4000,0,0,0,1,1002,2,5000,10000,1,314,424,0,0,0,0
1070,1,小胖鱼,0,0,0,0,0,0,0,1,20383,4,4,0,10000,170,0.245,0.5,5000,0,0,0,72,1,0,0,0,30,40,38400,43200,1,4,1,400,600,7,0,0,0,0,0,0,0,0,0,0,0,0,1,0,30,6,1,0,1,0,"0,0",0,0,4,0,0,0,0,0,5000,7500,8,8,0,0,1000,10000,0,0,0,0,0,1,0,0,1,23,40,0,0,0,0
1071,1,小蝶鱼,0,0,0,0,0,0,0,1,20384,5,5,0,10000,160,0.196,0.5,5000,0,0,0,96,1,0,0,0,55,55,50400,54400,1,4,1,400,600,10,0,0,0,0,0,0,0,0,0,0,0,0,1,0,30,6,1,0,1,0,"0,0",0,0,5,0,0,0,0,0,5000,7500,10,10,0,0,1000,10000,0,0,0,0,0,1,0,0,1,26,45,0,0,0,0
1072,2,红彩鱼,0,0,0,0,0,0,0,1,20385,15,15,0,10000,120,0.065333333333,0.5,5000,"101,102,103","556,70,139","1,1,1",362,1,0,0,0,60,120,50000,60000,1,3,3,1500,2200,21,0,0,0,0,0,0,0,0,0,0,0,1,1,0,30,6,1,0,1,0,"0,0",0,0,15,0,0,0,0,0,5000,7500,30,31,0,0,1000,10000,0,0,0,0,0,1,0,0,1,102,155,0,0,0,0
1074,3,金马蹄蟹,0,0,1,1,0,0,1,1,20387,80,80,0,10000,80,0.01225,0.5,2000,0,0,0,1206,1,0,0,1000,160,200,8000,10000,1,1,3,0,0,35,0,0,0,0,0,0,0,0,0,0,0,1,0,1,8,6,1,0,1,0,"0,0",0,0,80,0,0,0,0,0,5000,7500,112,120,1,1,1000,4000,0,0,0,1,1002,2,5000,10000,1,416,537,0,0,0,0
1075,26,聚宝盆,0,0,0,0,0,0,0,1,20389,9999,300,0,10000,32,0.003,0.5,0,0,0,0,0,0,0,0,0,220,280,135000,150000,1,1,3,0,1,68,0,0,0,0,0,0,0,0,0,0,0,0,0,0,0,3,0,1,1,0,"0,0",0,0,9999,0,0,0,0,0,5000,7500,0,0,0,0,1000,0,0,0,0,0,1005,1,0,0,1,0,0,0,0,0,0
1076,27,海妖塞壬,0,0,0,0,0,0,0,1,20391,2500,0,0,10000,50,0,0,0,0,0,0,0,0,0,0,0,295,238,0,0,1,1,1,0,0,71,0,333,"500000,450000,400000,350000,300000,250000,200000,150000,100000,50000","495,524,560,607,669,757,888,1106,1542,2852",0,0,0,0,0,0,0,0,0,0,30,3,0,0,1,0,"0,0",0,0,10000,0,0,0,0,0,5000,7500,0,0,0,0,1000,0,0,0,0,0,0,1,0,0,0,0,0,0,0,0,0
1078,28,钻头鱼,0,0,0,0,0,0,0,1,20393,10,190,0,10000,40,0.005,0.5,0,0,0,0,0,0,0,0,0,150,150,240000,360000,1,1,3,0,0,52,0,0,0,0,0,0,0,0,0,0,0,0,1,0,30,3,0,0,1,202,"0,0",0,0,200,0,0,0,0,0,5000,7500,0,0,0,0,1000,0,0,0,0,0,1007,1,0,0,0,0,0,0,0,0,0
1081,28,旋风鱼,0,0,0,0,0,0,0,1,20396,12,148,0,10000,40,0.0064189189189,0.5,0,0,0,0,0,0,0,0,0,150,150,360000,480000,1,1,3,0,0,49,0,0,0,0,0,0,0,0,0,0,0,0,1,0,30,3,0,0,1,203,"0,0",0,0,150,0,0,0,0,0,5000,7500,0,0,0,0,1000,0,0,0,0,0,1007,1,0,0,0,0,0,0,0,0,0
1082,28,黑洞鱼,0,0,0,0,0,0,0,1,20397,12,148,0,10000,40,0.0064189189189,0.5,0,0,0,0,0,0,0,0,0,150,150,300000,420000,1,1,3,0,0,50,0,0,0,0,0,0,0,0,0,0,0,0,1,0,30,3,0,0,1,204,"0,0",0,0,150,0,0,0,0,0,5000,7500,0,0,0,0,1000,0,0,0,0,0,1007,1,0,0,0,0,0,0,0,0,0
1083,28,冰爆鱼,0,0,0,0,0,0,0,1,20398,16,122,0,10000,40,0.0077868852459,0.5,0,0,0,0,0,0,0,0,0,150,150,420000,540000,1,1,3,0,0,51,0,0,0,0,0,0,0,0,0,0,0,0,1,0,30,3,0,0,1,205,"0,0",0,0,120,0,0,0,0,0,5000,7500,0,0,0,0,1000,0,0,0,0,0,1007,1,0,0,0,0,0,0,0,0,0
1084,30,财神爷,0,0,0,0,0,0,0,1,20399,200,50,0,10000,40,0.004,0.5,0,0,0,0,10000,2,0,0,0,180,180,360000,360000,1,1,1,0,0,70,0,0,0,0,0,0,0,0,0,0,0,0,1,0,30,3,0,0,1,0,"0,0",0,0,50,0,0,0,0,0,5000,7500,0,0,0,0,1000,0,0,0,0,0,0,1,0,0,0,0,0,0,0,0,0
1086,16,金蝙蝠鱼,0,0,1,1,0,0,1,1,20376,70,70,0,10000,60,0.014,0.5,2000,0,0,0,900,1,0,0,1000,150,170,5000,8000,1,1,3,0,0,34,0,0,0,0,0,0,0,0,0,0,0,1,0,1,7,6,1,0,1,0,"0,0",0,0,70,0,0,0,0,0,5000,7500,77,91,1,1,500,7500,0,0,0,0,0,1,0,0,1,384,502,0,0,0,0
1087,16,金剑鱼,0,0,1,1,0,0,1,1,20377,50,50,0,10000,70,0.0196,0.5,5000,0,0,0,706,1,0,0,1000,40,160,5000,8000,1,1,3,0,0,33,0,0,0,0,0,0,0,0,0,0,0,1,0,1,5,6,1,0,1,0,"0,0",0,0,50,0,0,0,0,0,5000,7500,55,65,1,1,500,7500,0,0,0,0,0,1,0,0,1,314,424,0,0,0,0
10001,1,小红鱼,0,0,0,0,0,0,0,1,20300,2,1,0,10000,200,0.48,0.5,10000,0,0,0,60,1,0,0,0,26,50,32000,43200,3,6,1,500,600,1,0,0,0,0,3,6,0.019883040936,0.0078947368421,31,0,0,0,1,0,30,6,1,0,1,0,"0,0",0,0,2,0,0,0,0,0,5000,7500,4,4,0,0,1000,10000,0,0,0,0,0,1,0,0,1,15,28,0,0,0,0
10002,1,小黄鱼,0,0,0,0,0,0,0,1,20301,2,1,0,10000,200,0.48,0.5,10000,0,0,0,60,1,0,0,0,27,44,20450,26200,3,6,1,500,600,2,0,0,0,0,3,6,0.019883040936,0.012851897185,32,0,0,0,1,0,30,6,1,0,1,0,"0,0",0,0,2,0,0,0,0,0,5000,7500,4,4,0,0,1000,10000,0,0,0,0,0,1,0,0,1,15,28,0,0,0,0
10003,1,斑点鱼,0,0,0,0,0,0,0,1,20302,2,1,0,10000,190,0.48,0.5,10000,0,0,0,70,1,0,0,0,28,51,24000,31000,3,6,1,500,600,3,0,0,0,0,3,6,0.019883040936,0,33,0,0,0,1,0,30,6,1,0,1,0,"0,0",0,0,2,0,0,0,0,0,5000,7500,4,4,0,0,1000,10000,0,0,0,0,0,1,0,0,1,15,28,0,0,0,0
10004,1,小草鱼,0,0,0,0,0,0,0,1,20303,3,2,0,10000,180,0.32,0.5,10000,0,0,0,60,1,0,0,0,36,47,16640,23040,3,6,1,500,600,4,0,0,0,0,3,6,0.014912280702,0.004004576659,34,0,0,0,1,0,30,6,1,0,1,0,"0,0",0,0,3,0,0,0,0,0,5000,7500,6,7,0,0,1000,10000,0,0,0,0,0,1,0,0,1,19,35,0,0,0,0
10005,1,大眼鱼,0,0,0,0,0,0,0,1,20304,3,2,0,10000,170,0.32,0.5,10000,0,0,0,60,1,0,0,0,35,49,15200,18600,3,6,1,500,600,5,0,0,0,0,3,6,0.012631578947,0,35,0,0,0,1,0,30,6,1,0,1,0,"0,0",0,0,3,0,0,0,0,0,5000,7500,6,7,0,0,1000,10000,0,0,0,0,0,1,0,0,1,19,35,0,0,0,0
10006,1,小眼泡鱼,0,0,0,0,0,0,0,1,20305,4,3,0,10000,170,0.24,0.5,10000,0,0,0,71,1,0,0,0,51,48,14000,16050,1,5,1,500,600,6,0,0,0,0,3,6,0.010526315789,0.0047233468286,36,0,0,0,1,0,30,6,1,0,1,0,"0,0",0,0,4,0,0,0,0,0,5000,7500,8,8,0,0,1000,10000,0,0,0,0,0,1,0,0,1,23,40,0,0,0,0
10007,1,胖头鱼,0,0,0,0,0,0,0,1,20306,5,3,0,10000,160,0.192,0.5,10000,0,0,0,71,1,0,0,0,37,75,26000,28000,1,5,1,500,600,8,0,0,0,0,3,6,0.0095864661654,0,37,0,0,0,1,0,30,6,1,0,1,0,"0,0",0,0,5,0,0,0,0,0,5000,7500,10,10,0,0,1000,10000,0,0,0,0,0,1,0,0,1,26,45,0,0,0,0
10008,1,飞鲤,0,0,0,0,0,0,0,1,20307,6,4,0,10000,160,0.16,0.5,10000,0,0,0,60,1,0,0,0,50,55,27000,32000,1,5,1,600,700,9,0,0,0,0,3,6,0.0083881578947,0,38,0,0,0,1,0,30,6,1,0,1,0,"0,0",0,0,6,0,0,0,0,0,5000,7500,12,13,0,0,1000,10000,0,0,0,0,0,1,0,0,1,29,49,0,0,0,0
10009,1,孔雀鱼,0,0,0,0,0,0,0,1,20308,7,5,0,10000,155,0.13714285714,0.5,10000,0,0,0,70,1,0,0,0,85,60,24000,28000,1,5,1,700,800,11,0,0,0,0,3,6,0.0074561403509,0,39,0,0,0,1,0,30,6,1,0,1,0,"0,0",0,0,7,0,0,0,0,0,5000,7500,14,15,0,0,1000,10000,0,0,0,0,0,1,0,0,1,32,53,0,0,0,0
10010,1,海龟,0,0,0,0,0,0,0,1,20309,8,5,0,10000,140,0.12,0.5,10000,"101,102,103","185,23,46","1,1,1",60,1,0,0,0,75,64,18500,25000,1,5,1,800,1000,12,0,0,0,0,3,6,0.0067105263158,0,40,0,0,0,1,0,30,6,1,0,1,0,"0,0",0,0,8,0,0,0,0,0,5000,7500,16,16,0,0,1000,10000,0,0,0,0,0,1,0,0,1,35,57,0,0,0,0
10011,2,叮当鱼,0,0,0,0,0,0,0,1,20310,9,6,0,10000,140,0.10666666667,0.5,5000,"101,102,103","222,28,56","1,1,1",71,1,0,0,0,50,68,12000,18600,1,4,3,1200,2000,15,0,0,0,0,3,6,0.0063909774436,0,41,0,0,0,1,0,30,6,1,0,1,0,"0,0",0,0,9,0,0,0,0,0,5000,7500,18,19,0,0,1000,10000,0,0,0,0,0,1,0,0,1,75,120,0,0,0,0
10012,2,灯笼鱼,0,0,0,0,0,0,0,1,20311,10,10,0,10000,135,0.096,0.5,5000,"101,102,103","333,42,83","1,1,1",108,1,0,0,0,51,74,18000,22000,1,4,3,1200,2000,16,0,0,0,0,0,0,0,0,42,0,0,1,1,0,30,6,1,0,1,0,"0,0",0,0,10,0,0,0,0,0,5000,7500,20,20,0,0,1000,10000,0,0,0,0,0,1,0,0,1,80,126,0,0,0,0
10013,2,蝴蝶鱼,0,0,0,0,0,0,0,1,20312,10,10,0,10000,135,0.096,0.5,5000,"101,102,103","333,42,83","1,1,1",108,1,0,0,0,59,59,15000,18000,1,4,3,1200,2000,17,0,0,0,0,0,0,0,0,43,0,0,1,1,0,30,6,1,0,1,0,"0,0",0,0,10,0,0,0,0,0,5000,7500,20,20,0,0,1000,10000,0,0,0,0,0,1,0,0,1,80,126,0,0,0,0
10014,2,马蹄蟹,0,0,0,0,0,0,0,1,20313,12,11,0,10000,130,0.08,0.5,5000,"101,102,103","370,46,93","1,1,1",120,1,0,0,0,55,117,16800,24000,1,3,3,1500,2200,18,0,0,0,0,0,0,0,0,44,0,0,1,1,0,30,6,1,0,1,0,"0,0",0,0,12,0,0,0,0,0,5000,7500,24,25,0,0,1000,10000,0,0,0,0,0,1,0,0,1,89,139,0,0,0,0
10015,2,魔鬼鱼,0,0,0,0,0,0,0,1,20314,15,12,0,10000,120,0.064,0.5,5000,"101,102,103","556,69,139","1,1,1",181,1,0,0,0,84,60,21000,30000,1,3,3,1500,2200,20,0,0,0,0,0,0,0,0,45,0,0,1,1,0,30,6,1,0,1,0,"0,0",0,0,15,0,0,0,0,0,5000,7500,30,31,0,0,1000,10000,0,0,0,0,0,1,0,0,1,102,155,0,0,0,0
10016,2,蝙蝠鱼,0,0,0,1,0,0,0,1,20315,18,15,0,10000,110,0.053333333333,0.5,5000,"101,102,103","712,89,178","1,1,1",211,1,0,0,0,114,134,22400,28400,1,2,3,1700,2500,22,0,0,0,0,0,0,0,0,46,0,0,1,1,0,30,6,1,0,1,0,"0,0",0,0,18,0,0,0,0,0,5000,7500,36,37,0,0,1000,10000,0,0,0,0,0,1,0,0,1,113,170,0,0,0,0
10017,2,箭刺鱼,0,0,0,1,0,0,0,1,20316,20,17,0,10000,80,0.048,0.5,5000,"101,102,103","814,102,204","1,1,1",241,1,0,0,0,60,160,18600,30000,1,1,3,1700,2500,23,0,0,0,0,0,0,0,0,47,0,0,1,1,0,30,6,1,0,1,0,"0,0",0,0,20,0,0,0,0,0,5000,7500,40,40,0,0,1000,10000,0,0,0,0,0,1,0,0,1,121,179,0,0,0,0
10018,2,蓝鲨,0,0,0,1,0,0,0,1,20317,25,20,0,10000,80,0.0384,0.5,5000,"101,102,103","916,114,229","1,1,1",271,1,0,0,0,90,170,42000,60000,1,1,3,1700,2500,24,0,0,0,0,0,0,0,0,48,0,0,1,1,0,30,6,1,0,1,0,"0,0",0,0,25,0,0,0,0,0,5000,7500,50,50,0,0,1000,10000,0,0,0,0,0,1,0,0,1,138,200,0,0,0,0
10023,3,金锤头鲨,0,0,1,1,0,0,1,1,20320,50,50,0,10000,70,0.0192,0.5,2000,0,0,0,335,1,0,0,1000,100,260,5000,7000,1,1,3,0,0,32,0,0,0,0,0,0,0,0,53,0,0,1,0,1,14,6,1,0,1,0,"0,0",0,0,50,0,0,0,0,0,5000,7500,70,75,1,1,1000,4000,0,0,0,1,10001,2,1000,3000,1,314,424,0,0,0,0
10024,3,金蟾,0,0,1,1,0,0,1,1,20321,150,150,0,10000,90,0.0064,0.5,2000,"2001,2002,2003,2004","1400,1400,1400,1400","1,1,1,1",1077,1,0,0,1000,120,260,15000,30000,1,1,2,0,0,37,0,0,0,0,0,0,0,0,54,0,0,1,0,1,18,6,1,0,1,0,"0,0",0,0,150,0,0,0,0,0,5000,7500,210,224,1,1,1000,4000,0,0,0,1,10003,2,5000,10000,1,606,735,0,0,0,0
10025,3,金水母,0,0,1,1,1,0,1,1,20322,160,160,0,10000,50,0.006,0.5,2000,"2001,2002,2003,2004","1400,1400,1400,1400","1,1,1,1",1206,1,0,0,1000,200,150,16000,20000,1,1,3,0,0,38,0,0,0,0,0,0,0,0,55,0,0,1,0,1,19,6,1,0,1,0,"0,0",0,0,160,0,0,0,0,0,5000,7500,224,239,1,1,1000,4000,1,0,0,1,10004,2,10000,20000,1,630,759,0,0,0,0
10026,3,金鲨,0,0,1,1,0,0,1,1,20323,100,100,0,10000,50,0.0096,0.5,2000,"2001,2002,2003,2004","1400,1400,1400,1400","1,1,1,1",670,1,0,0,1000,110,230,10000,12000,1,1,3,0,0,36,0,0,0,0,0,0,0,0,56,0,0,1,0,1,24,6,1,0,1,0,"0,0",0,0,100,0,0,0,0,0,5000,7500,140,149,1,1,1000,4000,0,0,0,1,10003,2,5000,10000,1,475,600,0,0,0,0
10027,3,金玳瑁,0,0,1,1,1,0,1,1,20324,200,200,0,10000,50,0.0048,0.5,2000,"2001,2002,2003,2004","1400,1400,1400,1400","1,1,1,1",1340,1,0,0,1000,200,170,20000,30000,1,1,3,0,0,39,0,0,0,0,0,0,0,0,57,0,0,1,0,1,30,6,1,0,1,0,"0,0",0,0,200,0,0,0,0,0,5000,7500,280,298,1,1,1000,4000,1,0,0,1,10004,2,10000,20000,1,721,849,0,0,0,0
10028,4,美人鱼,0,0,1,1,1,0,0,1,20325,300,300,300,10000,50,0.29333333333,0.5,0,"2001,2002,2003,2004","1400,1400,1400,1400","1,1,1,1",10000,6,0,0,1000,140,360,13500,15000,1,1,3,0,0,60,0,0,0,0,0,0,0,0,58,0,0,0,0,0,30,6,0,0,1,0,"0,0",0,0,300,0,0,0,0,0,5000,7500,420,539,1,1,1000,4000,1,0,0,0,10005,1,0,0,1,0,0,0,0,0,0
10029,4,龙龟,0,0,1,1,1,0,0,1,20334,400,400,400,10000,50,0.2,0.5,0,"2001,2002,2003,2004","1400,1400,1400,1400","1,1,1,1",10000,6,0,0,1000,174,370,13500,15000,1,1,3,0,0,61,0,0,0,0,0,0,0,0,59,0,0,0,0,0,30,6,0,0,1,10001,"0,0",0,0,400,0,0,0,0,0,5000,7500,560,769,1,1,1000,4000,1,0,0,0,10005,1,0,0,1,0,0,0,0,0,0
10030,4,大海怪,0,0,1,1,0,0,0,1,20341,500,500,500,10000,50,0.18,0.5,0,"2001,2002,2003,2004","1400,1400,1400,1400","1,1,1,1",10000,6,0,0,1000,295,238,13500,15000,1,1,3,0,0,62,0,0,0,0,0,0,0,0,60,1,300,0,0,0,30,6,0,0,1,10002,"0,0",0,0,500,0,0,0,0,0,5000,7500,700,924,1,1,1000,4000,0,0,0,0,10005,1,0,0,1,0,0,0,0,0,0
10034,10,同类炸弹,0,0,1,1,0,0,1,1,20326,0,0,0,10000,0,0.006642,0.5,0,0,0,0,0,0,0,0,0,0,0,0,0,0,0,0,0,0,14,0,0,0,0,0,0,0,0,0,0,0,0,1,0,30,3,0,0,1,0,"0,0",0,0,0,0,0,0,0,0,5000,7500,0,0,0,0,1000,0,0,0,0,0,0,1,0,0,0,0,0,0,0,0,0
10035,6,深海炸弹,0,0,0,1,0,0,1,1,20327,0,0,0,10000,40,0.00972,0.5,0,0,0,0,0,0,0,0,0,126,120,240000,300000,1,1,3,0,0,25,0,0,0,0,0,0,0,0,0,0,0,0,1,0,30,3,0,0,1,0,"0,0",0,0,0,0,0,0,0,0,5000,7500,0,0,0,0,1000,0,0,0,0,0,0,1,0,0,0,0,0,0,0,0,0
10036,7,深海电鳗,0,0,0,1,0,0,1,1,20328,100,0,0,10000,40,0.009,0.5,0,0,0,0,0,0,0,0,0,116,182,240000,360000,1,1,3,0,0,27,0,0,0,0,0,0,0,0,0,0,0,0,1,0,30,3,0,0,1,0,"0,0",0,0,0,0,0,0,0,0,5000,7500,0,0,0,0,1000,0,0,0,0,0,0,1,0,0,0,0,0,0,0,0,0
10037,8,50渔券,0,0,0,0,0,0,1,1,20342,20,20,20,10000,50,0.0425,0.5,0,0,0,0,0,0,10000,50,0,90,142,60000,90000,1,1,3,0,0,55,0,0,0,0,0,0,0,0,0,0,0,0,1,0,30,3,0,0,1,0,"0,0",0,0,20,0,0,0,0,0,5000,7500,0,0,0,0,1000,0,0,0,0,0,10008,1,0,0,0,0,0,0,0,0,0
10038,8,100渔券,0,0,0,0,0,0,1,1,20343,30,30,30,10000,50,0.028333333333,0.5,0,0,0,0,0,0,10000,75,0,90,142,60000,90000,1,1,3,0,0,56,0,0,0,0,0,0,0,0,0,0,0,0,1,0,30,3,0,0,1,0,"0,0",0,0,30,0,0,0,0,0,5000,7500,0,0,0,0,1000,0,0,0,0,0,10008,1,0,0,0,0,0,0,0,0,0
10039,8,200渔券,0,0,0,0,0,0,1,1,20344,40,40,40,10000,50,0.02125,0.5,0,0,0,0,0,0,10000,100,0,90,142,60000,90000,1,1,3,0,0,57,0,0,0,0,0,0,0,0,0,0,0,0,1,0,30,3,0,0,1,0,"0,0",0,0,40,0,0,0,0,0,5000,7500,0,0,0,0,1000,0,0,0,0,0,10008,1,0,0,0,0,0,0,0,0,0
10040,8,400渔券,0,0,0,0,0,0,1,1,20345,50,50,50,10000,50,0.017,0.5,0,0,0,0,0,0,10000,125,0,90,142,60000,90000,1,1,3,0,0,58,0,0,0,0,0,0,0,0,0,0,0,0,1,0,30,3,0,0,1,0,"0,0",0,0,50,0,0,0,0,0,5000,7500,0,0,0,0,1000,0,0,0,0,0,10008,1,0,0,0,0,0,0,0,0,0
10045,12,砸金蛋,0,0,0,1,0,0,1,1,20330,100,100,0,10000,50,0.0088,0.5,2000,0,0,0,0,0,0,0,0,110,94,180000,220000,1,1,3,0,0,59,0,0,0,0,0,0,0,0,0,0,0,0,1,0,30,3,0,0,1,0,"0,0",0,0,0,0,0,0,0,0,5000,7500,0,0,0,0,1000,0,0,0,0,0,10006,1,0,0,0,0,0,0,0,0,0
10046,18,摇钱树,0,0,0,1,0,0,1,1,20331,80,80,0,10000,50,0.011,0.5,2000,0,0,0,0,0,0,0,0,240,220,270000,310000,1,1,3,0,0,54,0,0,0,0,0,0,0,0,0,0,0,0,1,0,30,3,0,0,1,0,"0,0",0,0,0,0,0,0,0,0,5000,7500,0,0,0,0,1000,0,0,0,0,0,10006,1,0,0,0,0,0,0,0,0,0
10049,16,金锤头鲨,0,0,1,1,0,0,0,1,20320,50,50,0,10000,90,0.0192,0.5,2000,0,0,0,335,1,0,0,1000,100,260,7000,9000,1,1,3,0,0,40,0,0,0,0,0,0,0,0,53,0,0,1,0,1,18,6,1,0,1,0,"0,0",0,0,50,0,0,0,0,0,5000,7500,70,75,1,1,1000,4000,0,0,0,0,0,1,0,0,1,314,424,0,0,0,0
10050,16,金蟾,0,0,1,1,0,0,1,1,20321,150,150,0,10000,50,0.0064,0.5,2000,"2001,2002,2003,2004","1400,1400,1400,1400","1,1,1,1",1724,1,0,0,1000,120,260,0,0,1,1,2,0,0,42,0,0,0,0,0,0,0,0,54,0,0,1,0,1,19,6,1,0,1,0,"0,0",0,0,150,0,0,0,0,0,5000,7500,210,224,1,1,1000,4000,0,0,0,0,0,1,0,0,1,606,735,0,0,0,0
10051,16,金水母,0,0,1,1,1,0,0,1,20322,160,160,0,10000,70,0.006,0.5,2000,"2001,2002,2003,2004","1400,1400,1400,1400","1,1,1,1",1206,1,0,0,1000,200,150,10000,12000,1,1,3,0,0,43,0,0,0,0,0,0,0,0,55,0,0,1,0,1,24,6,1,0,1,0,"0,0",0,0,160,0,0,0,0,0,5000,7500,224,239,1,1,1000,4000,1,0,0,0,0,1,0,0,1,630,759,0,0,0,0
10052,16,金鲨,0,0,1,1,0,0,0,1,20323,100,100,0,10000,70,0.0096,0.5,2000,"2001,2002,2003,2004","1400,1400,1400,1400","1,1,1,1",670,1,0,0,1000,110,230,10000,12000,1,1,3,0,0,41,0,0,0,0,0,0,0,0,56,0,0,1,0,1,30,6,1,0,1,0,"0,0",0,0,100,0,0,0,0,0,5000,7500,140,149,1,1,1000,4000,0,0,0,0,0,1,0,0,1,475,600,0,0,0,0
10053,16,金玳瑁,0,0,1,1,1,0,0,1,20324,200,200,0,10000,70,0.0048,0.5,2000,"2001,2002,2003,2004","1400,1400,1400,1400","1,1,1,1",1340,1,0,0,1000,200,170,10000,12000,1,1,3,0,0,44,0,0,0,0,0,0,0,0,57,0,0,1,0,1,30,6,1,0,1,0,"0,0",0,0,200,0,0,0,0,0,5000,7500,280,298,1,1,1000,4000,1,0,0,0,0,1,0,0,1,721,849,0,0,0,0
10054,17,宝箱,0,0,0,1,0,0,1,1,20333,100,100,0,10000,50,0.0088,0.5,2000,0,0,0,0,0,0,0,0,102,103,120000,180000,1,1,3,0,0,53,0,0,0,0,0,0,0,0,0,0,0,0,1,0,30,3,0,0,1,0,"0,0",0,0,0,0,0,0,0,0,5000,7500,0,0,0,0,1000,0,0,0,0,0,0,1,0,0,0,0,0,0,0,0,0
10055,19,小食人鱼,0,0,1,1,0,0,1,1,20365,20,20,20,10000,0,0.04,0.5,5000,"101,102,103","882,110,220","1,1,1",284,1,0,0,0,105,107,10000,20000,1,1,3,0,0,64,0,0,0,0,0,0,0,0,0,0,0,0,1,0,30,3,0,0,1,0,"0,0",0,0,20,0,0,0,0,0,5000,7500,0,0,0,0,1000,0,0,0,0,0,0,1,0,0,1,0,0,0,0,0,0
10056,19,金色食人鱼,0,0,1,1,0,0,1,1,20366,30,30,30,10000,0,0.026666666667,0.5,2000,0,0,0,354,1,0,0,0,105,120,0,0,1,1,3,0,0,65,0,0,0,0,0,0,0,0,0,1,300,0,1,0,30,3,0,0,1,0,"0,0",0,0,30,0,0,0,0,0,5000,7500,0,0,0,0,1000,0,0,0,0,0,0,1,0,0,1,0,0,0,0,0,0
10057,20,食人鱼,0,0,1,1,1,0,1,1,20368,1300,1300,1000,10000,40,0.68181818182,0.5,0,0,0,0,0,0,0,0,0,125,281,0,0,1,1,3,0,0,66,0,666,"5000,10000,20000,50000","6500,3125,300,75",0,0,0,0,0,1,300,0,0,0,30,6,0,0,1,0,"0,0",0,0,1000,0,0,0,0,0,5000,7500,0,0,0,0,1000,0,1,0,1,0,0,1,0,0,1,0,0,0,0,0,0
10064,22,鲨鱼导弹,0,0,0,1,0,0,0,1,20380,100,100,0,10000,80,0.008,0.5,2000,0,0,0,0,0,0,0,0,72,151,220000,270000,0,0,0,0,0,30,0,0,0,0,0,0,0,0,0,0,0,0,1,0,30,3,0,0,1,0,"0,0",0,0,0,0,0,0,0,0,5000,7500,0,0,0,0,1000,0,0,0,0,0,0,1,0,0,0,0,0,0,0,0,0
10066,2,蜥蜴鱼,0,0,0,0,0,0,0,1,20374,12,11,0,10000,125,0.08,0.5,5000,"101,102,103","556,70,139","1,1,1",168,1,0,0,0,40,90,7500,15000,1,3,3,1500,2200,19,0,0,0,0,0,0,0,0,0,0,0,1,1,0,30,6,1,0,1,0,"0,0",0,0,12,0,0,0,0,0,5000,7500,24,25,0,0,1000,10000,0,0,0,0,0,1,0,0,1,89,139,0,0,0,0
10068,3,金蝙蝠鱼,0,0,1,1,0,0,1,1,20376,70,70,0,10000,80,0.013714285714,0.5,2000,"2001,2002,2003,2004","1400,1400,1400,1400","1,1,1,1",471,1,0,0,1000,150,170,6000,8000,1,1,3,0,0,34,0,0,0,0,0,0,0,0,0,0,0,1,0,1,7,6,1,0,1,0,"0,0",0,0,70,0,0,0,0,0,5000,7500,98,105,1,1,1000,4000,0,0,0,1,10002,2,5000,10000,1,384,502,0,0,0,0
10069,3,金剑鱼,0,0,1,1,0,0,1,1,20377,50,50,0,10000,80,0.0192,0.5,5000,0,0,0,335,1,0,0,1000,40,160,5000,7000,1,1,3,0,0,33,0,0,0,0,0,0,0,0,0,0,0,1,0,1,5,6,1,0,1,0,"0,0",0,0,50,0,0,0,0,0,5000,7500,70,75,1,1,1000,4000,0,0,0,1,10002,2,5000,10000,1,314,424,0,0,0,0
10070,1,小胖鱼,0,0,0,0,0,0,0,1,20383,4,3,0,10000,170,0.24,0.5,5000,0,0,0,40,1,0,0,0,30,40,38400,43200,1,4,1,400,600,7,0,0,0,0,0,0,0,0,0,0,0,0,1,0,30,6,1,0,1,0,"0,0",0,0,4,0,0,0,0,0,5000,7500,8,8,0,0,1000,10000,0,0,0,0,0,1,0,0,1,23,40,0,0,0,0
10071,1,小蝶鱼,0,0,0,0,0,0,0,1,20384,5,4,0,10000,160,0.192,0.5,5000,0,0,0,54,1,0,0,0,55,55,50400,54400,1,4,1,400,600,10,0,0,0,0,0,0,0,0,0,0,0,0,1,0,30,6,1,0,1,0,"0,0",0,0,5,0,0,0,0,0,5000,7500,10,10,0,0,1000,10000,0,0,0,0,0,1,0,0,1,26,45,0,0,0,0
10072,2,红彩鱼,0,0,0,0,0,0,0,1,20385,15,12,0,10000,120,0.064,0.5,5000,"101,102,103","556,70,139","1,1,1",201,1,0,0,0,60,120,50000,60000,1,3,3,1500,2200,21,0,0,0,0,0,0,0,0,0,0,0,1,1,0,30,6,1,0,1,0,"0,0",0,0,15,0,0,0,0,0,5000,7500,30,31,0,0,1000,10000,0,0,0,0,0,1,0,0,1,102,155,0,0,0,0
10074,3,金马蹄蟹,0,0,1,1,0,0,1,1,20387,80,80,0,10000,80,0.012,0.5,2000,"2001,2002,2003,2004","1400,1400,1400,1400","1,1,1,1",603,1,0,0,1000,160,200,8000,10000,1,1,3,0,0,35,0,0,0,0,0,0,0,0,0,0,0,1,0,1,8,6,1,0,1,0,"0,0",0,0,80,0,0,0,0,0,5000,7500,112,120,1,1,1000,4000,0,0,0,1,10002,2,5000,10000,1,416,537,0,0,0,0
10075,26,玲珑宝塔,0,0,0,0,0,0,0,1,20390,9999,831,0,10000,32,0.1,0.5,0,0,0,0,0,0,0,0,0,280,180,13500,15000,1,1,3,0,1,68,0,0,0,0,0,0,0,0,0,0,0,0,0,0,0,3,0,1,1,0,"0,0",0,0,9999,0,0,0,0,0,5000,7500,0,0,0,0,1000,0,0,0,0,0,10005,1,0,0,1,0,0,0,0,0,0
10076,27,海妖塞壬,0,0,0,0,0,0,0,1,20391,2500,0,0,10000,50,0,0,0,0,0,0,0,0,0,0,0,295,238,0,0,1,1,1,0,0,71,0,333,"500000,450000,400000,350000,300000,250000,200000,150000,100000,50000","495,524,560,607,669,757,888,1106,1542,2852",0,0,0,0,0,0,0,0,0,0,30,3,0,0,1,0,"0,0",0,0,10000,0,0,0,0,0,5000,7500,0,0,0,0,1000,0,0,0,0,0,0,1,0,0,0,0,0,0,0,0,0
10077,4,远古巨龙,0,0,1,1,0,0,0,1,20392,750,750,750,10000,50,0.12,0.5,0,"2001,2002,2003,2004","1400,1400,1400,1400","1,1,1,1",10000,6,0,0,1000,300,300,13500,15000,1,1,3,0,0,63,0,0,0,0,0,0,0,0,0,1,300,0,0,0,30,6,0,0,1,201,"0,0",0,0,750,0,0,0,0,0,5000,7500,1050,1297,1,1,1000,4000,0,0,0,0,10005,1,0,0,1,0,0,0,0,0,0
10078,28,钻头鱼,0,0,0,0,0,0,0,1,20393,10,190,0,10000,40,0.005,0.5,0,0,0,0,0,0,0,0,0,150,150,240000,360000,1,1,3,0,0,52,0,0,0,0,0,0,0,0,0,0,0,0,1,0,30,3,0,0,1,202,"0,0",0,0,200,0,0,0,0,0,5000,7500,0,0,0,0,1000,0,0,0,0,0,10007,1,0,0,0,0,0,0,0,0,0
10079,29,超级河豚,0,0,0,0,0,0,0,1,20394,200,200,0,10000,40,0.4,0.5,0,0,0,0,0,0,0,0,0,200,200,13500,15000,1,1,3,0,0,67,0,0,0,0,0,0,0,0,0,0,0,0,0,0,30,3,0,0,1,0,"0,0",0,0,200-800,0,0,0,0,0,5000,7500,0,0,0,0,1000,0,0,0,0,0,10005,1,0,0,0,0,0,0,0,0,0
10080,26,百宝袋,0,0,0,0,0,0,0,1,20395,9999,831,0,10000,32,0.1,0.5,0,0,0,0,0,0,0,0,0,280,180,13500,15000,1,1,3,0,1,68,0,0,0,0,0,0,0,0,0,0,0,0,0,0,0,3,0,1,1,0,"0,0",0,0,9999,0,0,0,0,0,5000,7500,0,0,0,0,1000,0,0,0,0,0,10005,1,0,0,1,0,0,0,0,0,0
10081,28,旋风鱼,0,0,0,0,0,0,0,1,20396,12,148,0,10000,40,0.0064189189189,0.5,0,0,0,0,0,0,0,0,0,150,150,360000,480000,1,1,3,0,0,49,0,0,0,0,0,0,0,0,0,0,0,0,1,0,30,3,0,0,1,203,"0,0",0,0,150,0,0,0,0,0,5000,7500,0,0,0,0,1000,0,0,0,0,0,10007,1,0,0,0,0,0,0,0,0,0
10082,28,黑洞鱼,0,0,0,0,0,0,0,1,20397,12,148,0,10000,40,0.0064189189189,0.5,0,0,0,0,0,0,0,0,0,150,150,300000,420000,1,1,3,0,0,50,0,0,0,0,0,0,0,0,0,0,0,0,1,0,30,3,0,0,1,204,"0,0",0,0,150,0,0,0,0,0,5000,7500,0,0,0,0,1000,0,0,0,0,0,10007,1,0,0,0,0,0,0,0,0,0
10083,28,冰爆鱼,0,0,0,0,0,0,0,1,20398,16,122,0,10000,40,0.0077868852459,0.5,0,0,0,0,0,0,0,0,0,150,150,420000,540000,1,1,3,0,0,51,0,0,0,0,0,0,0,0,0,0,0,0,1,0,30,3,0,0,1,205,"0,0",0,0,120,0,0,0,0,0,5000,7500,0,0,0,0,1000,0,0,0,0,0,10007,1,0,0,0,0,0,0,0,0,0
10086,16,金蝙蝠鱼,0,0,1,1,0,0,1,1,20376,70,70,0,10000,60,0.013714285714,0.5,2000,0,0,0,450,1,0,0,1000,150,170,5000,8000,1,1,3,0,0,34,0,0,0,0,0,0,0,0,0,0,0,1,0,1,7,6,1,0,1,0,"0,0",0,0,70,0,0,0,0,0,5000,7500,77,91,1,1,500,7500,0,0,0,0,0,1,0,0,1,384,502,0,0,0,0
10087,16,金剑鱼,0,0,1,1,0,0,1,1,20377,50,50,0,10000,70,0.0192,0.5,5000,0,0,0,353,1,0,0,1000,40,160,5000,8000,1,1,3,0,0,33,0,0,0,0,0,0,0,0,0,0,0,1,0,1,5,6,1,0,1,0,"0,0",0,0,50,0,0,0,0,0,5000,7500,55,65,1,1,500,7500,0,0,0,0,0,1,0,0,1,314,424,0,0,0,0
401,1,小红鱼,0,0,0,0,0,0,0,1,20300,2,2,0,10000,200,0.4851,0.5,0,0,0,0,60,1,0,0,0,26,50,32000,43200,3,4,1,1000,1000,1,0,0,0,0,0,0,0,0,31,0,0,0,1,0,30,6,1,1,1,0,"0,0",0,0,2,0,0,0,0,0,5000,7500,0,0,0,0,1000,0,0,0,0,0,0,1,0,0,1,15,28,0,0,0,0
402,1,小黄鱼,0,0,0,0,0,0,0,1,20301,2,2,0,10000,200,0.4851,0.5,0,0,0,0,60,1,0,0,0,27,44,20450,26200,2,4,2,1000,1000,2,0,0,0,0,0,0,0,0,32,0,0,0,1,0,30,6,1,1,1,0,"0,0",0,0,2,0,0,0,0,0,5000,7500,0,0,0,0,1000,0,0,0,0,0,0,1,0,0,1,15,28,0,0,0,0
403,1,斑点鱼,0,0,0,0,0,0,0,1,20302,2,2,0,10000,190,0.4851,0.5,0,0,0,0,70,1,0,0,0,28,51,24000,31000,3,5,1,900,900,3,0,0,0,0,0,0,0,0,33,0,0,0,1,0,30,6,1,1,1,0,"0,0",0,0,2,0,0,0,0,0,5000,7500,0,0,0,0,1000,0,0,0,0,0,0,1,0,0,1,15,28,0,0,0,0
404,1,小草鱼,0,0,0,0,0,0,0,1,20303,3,3,0,10000,180,0.3234,0.5,0,0,0,0,60,1,0,0,0,36,47,16640,23040,1,3,3,1200,1200,4,0,0,0,0,0,0,0,0,34,0,0,0,1,0,30,6,1,1,1,0,"0,0",0,0,3,0,0,0,0,0,5000,7500,0,0,0,0,1000,0,0,0,0,0,0,1,0,0,1,19,35,0,0,0,0
405,1,大眼鱼,0,0,0,0,0,0,0,1,20304,3,3,0,10000,170,0.3234,0.5,0,0,0,0,60,1,0,0,0,35,49,15200,18600,2,2,3,3000,5000,5,0,0,0,0,0,0,0,0,35,0,0,0,1,0,30,6,1,1,1,0,"0,0",0,0,3,0,0,0,0,0,5000,7500,0,0,0,0,1000,0,0,0,0,0,0,1,0,0,1,19,35,0,0,0,0
406,1,小眼泡鱼,0,0,0,0,0,0,0,1,20305,4,4,0,10000,170,0.24255,0.5,0,0,0,0,71,1,0,0,0,51,48,14000,16050,1,1,3,1000,1000,6,0,0,0,0,0,0,0,0,36,0,0,0,1,0,30,6,1,1,1,0,"0,0",0,0,4,0,0,0,0,0,5000,7500,0,0,0,0,1000,0,0,0,0,0,0,1,0,0,1,23,40,0,0,0,0
407,1,胖头鱼,0,0,0,0,0,0,0,1,20306,5,5,0,10000,160,0.19404,0.5,0,0,0,0,71,1,0,0,0,37,75,26000,28000,1,2,3,3000,5000,8,0,0,0,0,0,0,0,0,37,0,0,0,1,0,30,6,1,1,1,0,"0,0",0,0,5,0,0,0,0,0,5000,7500,0,0,0,0,1000,0,0,0,0,0,0,1,0,0,1,26,45,0,0,0,0
408,1,飞鲤,0,0,0,0,0,0,0,1,20307,6,6,0,10000,160,0.1617,0.5,0,0,0,0,60,1,0,0,0,50,55,27000,32000,2,3,2,1200,1200,9,0,0,0,0,0,0,0,0,38,0,0,0,1,0,30,6,1,1,1,0,"0,0",0,0,6,0,0,0,0,0,5000,7500,0,0,0,0,1000,0,0,0,0,0,0,1,0,0,1,29,49,0,0,0,0
409,1,孔雀鱼,0,0,0,0,0,0,0,1,20308,7,7,0,10000,155,0.1386,0.5,0,0,0,0,70,1,0,0,0,85,60,24000,28000,2,3,3,2000,4000,11,0,0,0,0,0,0,0,0,39,0,0,0,1,0,30,6,1,1,1,0,"0,0",0,0,7,0,0,0,0,0,5000,7500,0,0,0,0,1000,0,0,0,0,0,0,1,0,0,1,32,53,0,0,0,0
410,1,海龟,0,0,0,0,0,0,0,1,20309,8,8,0,10000,140,0.121275,0.5,0,"101,102,103","206,26,51","1,1,1",60,1,0,0,0,75,64,18500,25000,2,3,3,2000,4000,12,0,0,0,0,0,0,0,0,40,0,0,0,1,0,30,6,1,1,1,0,"0,0",0,0,8,0,0,0,0,0,5000,7500,0,0,0,0,1000,0,0,0,0,0,0,1,0,0,1,35,57,0,0,0,0
411,2,叮当鱼,0,0,0,0,0,0,0,1,20310,9,9,0,10000,140,0.1078,0.5,0,"101,102,103","247,31,62","1,1,1",71,1,0,0,0,50,68,12000,18600,1,2,3,4000,6000,15,0,0,0,0,0,0,0,0,41,0,0,0,1,0,30,6,1,1,1,0,"0,0",0,0,9,0,0,0,0,0,5000,7500,0,0,0,0,1000,0,0,0,0,0,0,1,0,0,1,75,120,0,0,0,0
412,2,灯笼鱼,0,0,0,0,0,0,0,1,20311,10,10,0,10000,135,0.09702,0.5,0,"101,102,103","370,46,93","1,1,1",108,1,0,0,0,51,74,18000,22000,1,1,3,2000,4000,16,0,0,0,0,0,0,0,0,42,0,0,1,1,0,30,6,1,1,1,0,"0,0",0,0,10,0,0,0,0,0,5000,7500,0,0,0,0,1000,0,0,0,0,0,0,1,0,0,1,80,126,0,0,0,0
413,2,蝴蝶鱼,0,0,0,0,0,0,0,1,20312,10,10,0,10000,135,0.09702,0.5,0,"101,102,103","370,46,93","1,1,1",108,1,0,0,0,59,59,15000,18000,1,1,3,2000,4000,17,0,0,0,0,0,0,0,0,43,0,0,1,1,0,30,6,1,1,1,0,"0,0",0,0,10,0,0,0,0,0,5000,7500,0,0,0,0,1000,0,0,0,0,0,0,1,0,0,1,80,126,0,0,0,0
414,2,马蹄蟹,0,0,0,0,0,0,0,1,20313,12,12,0,10000,130,0.08085,0.5,0,"101,102,103","412,51,103","1,1,1",120,1,0,0,0,55,117,16800,24000,1,1,3,2000,4000,18,0,0,0,0,0,0,0,0,44,0,0,1,1,0,30,6,1,1,1,0,"0,0",0,0,12,0,0,0,0,0,5000,7500,0,0,0,0,1000,0,0,0,0,0,0,1,0,0,1,89,139,0,0,0,0
415,2,魔鬼鱼,0,0,0,0,0,0,0,1,20314,15,15,0,10000,120,0.06468,0.5,0,"101,102,103","617,77,154","1,1,1",181,1,0,0,0,84,60,21000,30000,1,1,3,2000,4000,20,0,0,0,0,0,0,0,0,45,0,0,1,1,0,30,6,1,1,1,0,"0,0",0,0,15,0,0,0,0,0,5000,7500,0,0,0,0,1000,0,0,0,0,0,0,1,0,0,1,102,155,0,0,0,0
416,2,蝙蝠鱼,0,0,0,0,0,0,0,1,20315,18,18,0,10000,110,0.0539,0.5,0,"101,102,103","721,90,180","1,1,1",211,1,0,0,0,114,134,22400,28400,1,2,3,2000,4000,22,0,0,0,0,0,0,0,0,46,0,0,1,1,0,30,6,1,1,1,0,"0,0",0,0,18,0,0,0,0,0,5000,7500,0,0,0,0,1000,0,0,0,0,0,0,1,0,0,1,113,170,0,0,0,0
417,2,箭刺鱼,0,0,0,0,0,0,0,1,20316,20,20,0,10000,80,0.04851,0.5,0,"101,102,103","823,103,206","1,1,1",241,1,0,0,0,60,160,18600,30000,1,1,3,2000,4000,23,0,0,0,0,0,0,0,0,47,0,0,1,1,0,30,6,1,1,1,0,"0,0",0,0,20,0,0,0,0,0,5000,7500,0,0,0,0,1000,0,0,0,0,0,0,1,0,0,1,121,179,0,0,0,0
418,2,蓝鲨,0,0,0,0,0,0,0,1,20317,25,25,0,10000,80,0.038808,0.5,0,"101,102,103","926,116,231","1,1,1",271,1,0,0,0,90,170,42000,60000,1,1,3,0,0,24,0,0,0,0,0,0,0,0,48,0,0,1,1,0,30,6,1,1,1,0,"0,0",0,0,25,0,0,0,0,0,5000,7500,0,0,0,0,1000,0,0,0,0,0,0,1,0,0,1,138,200,0,0,0,0
423,3,金锤头鲨,0,0,0,1,0,0,0,1,20320,50,50,0,10000,70,0.018414,0.5,0,0,0,0,862,1,0,0,0,100,260,30000,35000,1,1,3,0,0,32,0,0,0,0,0,0,0,0,53,0,0,1,0,1,14,6,1,1,1,0,"0,0",0,0,50,0,0,0,0,0,5000,7500,0,0,0,0,1000,0,0,0,0,1,401,2,1000,3000,1,314,424,0,0,0,0
424,3,金蟾,0,0,0,1,0,0,0,1,20321,150,150,0,10000,90,0.0055242,0.5,0,"2001,2002,2003,2004","1400,1400,1400,1400","1,1,1,1",1077,1,0,0,0,120,260,24000,30000,1,1,2,0,0,37,0,0,0,0,0,0,0,0,54,0,0,1,0,1,18,6,1,1,1,0,"0,0",0,0,150,0,0,0,0,0,5000,7500,0,0,0,0,1000,0,0,0,0,1,403,2,5000,10000,1,606,735,0,0,0,0
425,3,金水母,0,0,0,1,0,0,0,1,20322,160,160,0,10000,50,0.0051789375,0.5,0,"2001,2002,2003,2004","1400,1400,1400,1400","1,1,1,1",1138,1,0,0,0,200,150,24000,30000,1,1,3,0,0,38,0,0,0,0,0,0,0,0,55,0,0,1,0,1,19,6,1,1,1,0,"0,0",0,0,160,0,0,0,0,0,5000,7500,0,0,0,0,1000,0,0,0,0,1,404,2,10000,20000,1,630,759,0,0,0,0
426,3,金鲨,0,0,0,1,0,0,0,1,20323,100,100,0,10000,50,0.009207,0.5,0,"2001,2002,2003,2004","1400,1400,1400,1400","1,1,1,1",1437,1,0,0,0,110,230,24000,30000,1,1,3,0,0,36,0,0,0,0,0,0,0,0,56,0,0,1,0,1,24,6,1,1,1,0,"0,0",0,0,100,0,0,0,0,0,5000,7500,0,0,0,0,1000,0,0,0,0,1,403,2,5000,10000,1,475,600,0,0,0,0
427,3,金玳瑁,0,0,0,1,0,0,0,1,20324,200,200,0,10000,50,0.00414315,0.5,0,"2001,2002,2003,2004","1400,1400,1400,1400","1,1,1,1",1775,1,0,0,0,200,170,24000,30000,1,1,3,0,0,39,0,0,0,0,0,0,0,0,57,0,0,1,0,1,30,6,1,1,1,0,"0,0",0,0,200,0,0,0,0,0,5000,7500,0,0,0,0,1000,0,0,0,0,1,404,2,10000,20000,1,721,849,0,0,0,0
435,6,深海炸弹,0,0,0,1,0,0,0,1,20327,0,0,0,10000,40,0.009234,0.5,0,0,0,0,0,0,0,0,0,126,120,240000,300000,1,1,3,0,0,25,0,0,0,0,0,0,0,0,0,0,0,0,1,0,30,3,0,0,1,0,"0,0",0,0,0,0,0,0,0,0,5000,7500,0,0,0,0,1000,0,0,0,0,0,0,1,0,0,0,0,0,0,0,0,0
436,7,深海电鳗,0,0,0,1,0,0,0,1,20328,100,0,0,10000,40,0.009,0.5,0,0,0,0,0,0,0,0,0,116,182,240000,360000,1,1,3,0,0,27,0,0,0,0,0,0,0,0,0,0,0,0,1,0,30,3,0,0,1,0,"0,0",0,0,0,0,0,0,0,0,5000,7500,0,0,0,0,1000,0,0,0,0,0,0,1,0,0,0,0,0,0,0,0,0
501,1,小红鱼,0,0,0,0,0,0,0,1,20300,2,2,0,10000,200,0.49,0.5,0,0,0,0,0,0,0,0,0,26,50,32000,43200,3,4,1,1000,1000,1,0,0,0,0,0,0,0,0,31,0,0,0,1,0,30,1,1,0,1,0,"0,0",0,0,2,0,0,0,0,0,5000,7500,0,0,0,0,1000,0,0,0,0,0,0,1,0,0,0,0,0,0,0,0,0
502,1,小黄鱼,0,0,0,0,0,0,0,1,20301,2,2,0,10000,200,0.49,0.5,0,0,0,0,0,0,0,0,0,27,44,20450,26200,2,4,2,1000,1000,2,0,0,0,0,0,0,0,0,31,0,0,0,1,0,30,1,1,0,1,0,"0,0",0,0,2,0,0,0,0,0,5000,7500,0,0,0,0,1000,0,0,0,0,0,0,1,0,0,0,0,0,0,0,0,0
503,1,斑点鱼,0,0,0,0,0,0,0,1,20302,2,2,0,10000,190,0.49,0.5,0,0,0,0,0,0,0,0,0,28,51,24000,31000,3,5,1,900,900,3,0,0,0,0,0,0,0,0,31,0,0,0,1,0,30,1,1,0,1,0,"0,0",0,0,2,0,0,0,0,0,5000,7500,0,0,0,0,1000,0,0,0,0,0,0,1,0,0,0,0,0,0,0,0,0
504,1,小草鱼,0,0,0,0,0,0,0,1,20303,3,3,0,10000,180,0.32666666667,0.5,0,0,0,0,0,0,0,0,0,36,47,16640,23040,1,3,3,1200,1200,4,0,0,0,0,0,0,0,0,34,0,0,0,1,0,30,1,1,0,1,0,"0,0",0,0,3,0,0,0,0,0,5000,7500,0,0,0,0,1000,0,0,0,0,0,0,1,0,0,0,0,0,0,0,0,0
505,1,大眼鱼,0,0,0,0,0,0,0,1,20304,3,3,0,10000,170,0.32666666667,0.5,0,0,0,0,0,0,0,0,0,35,49,15200,18600,2,2,3,3000,5000,5,0,0,0,0,0,0,0,0,35,0,0,0,1,0,30,1,1,0,1,0,"0,0",0,0,3,0,0,0,0,0,5000,7500,0,0,0,0,1000,0,0,0,0,0,0,1,0,0,0,0,0,0,0,0,0
506,1,小眼泡鱼,0,0,0,0,0,0,0,1,20305,4,4,0,10000,170,0.245,0.5,0,0,0,0,0,0,0,0,0,51,48,14000,16050,1,1,3,1000,1000,6,0,0,0,0,0,0,0,0,36,0,0,0,1,0,30,1,1,0,1,0,"0,0",0,0,4,0,0,0,0,0,5000,7500,0,0,0,0,1000,0,0,0,0,0,0,1,0,0,0,0,0,0,0,0,0
507,1,胖头鱼,0,0,0,0,0,0,0,1,20306,5,5,0,10000,160,0.196,0.5,0,0,0,0,0,0,0,0,0,37,75,26000,28000,1,2,3,3000,5000,8,0,0,0,0,0,0,0,0,37,0,0,0,1,0,30,1,1,0,1,0,"0,0",0,0,5,0,0,0,0,0,5000,7500,0,0,0,0,1000,0,0,0,0,0,0,1,0,0,0,0,0,0,0,0,0
508,1,飞鲤,0,0,0,0,0,0,0,1,20307,6,6,0,10000,160,0.16333333333,0.5,0,0,0,0,0,0,0,0,0,50,55,27000,32000,2,3,2,1200,1200,9,0,0,0,0,0,0,0,0,38,0,0,0,1,0,30,1,1,0,1,0,"0,0",0,0,6,0,0,0,0,0,5000,7500,0,0,0,0,1000,0,0,0,0,0,0,1,0,0,0,0,0,0,0,0,0
509,1,孔雀鱼,0,0,0,0,0,0,0,1,20308,7,7,0,10000,155,0.14,0.5,0,0,0,0,0,0,0,0,0,85,60,24000,28000,2,3,3,2000,4000,11,0,0,0,0,0,0,0,0,39,0,0,0,1,0,30,1,1,0,1,0,"0,0",0,0,7,0,0,0,0,0,5000,7500,0,0,0,0,1000,0,0,0,0,0,0,1,0,0,0,0,0,0,0,0,0
510,1,海龟,0,0,0,0,0,0,0,1,20309,8,8,0,10000,140,0.1225,0.5,0,0,0,0,0,0,0,0,0,75,64,18500,25000,2,3,3,2000,4000,12,0,0,0,0,0,0,0,0,40,0,0,0,1,0,30,1,1,0,1,0,"0,0",0,0,8,0,0,0,0,0,5000,7500,0,0,0,0,1000,0,0,0,0,0,0,1,0,0,0,0,0,0,0,0,0
511,2,叮当鱼,0,0,0,0,0,0,0,1,20310,9,9,0,10000,140,0.10888888889,0.5,0,0,0,0,0,0,0,0,0,50,68,12000,18600,1,2,3,4000,6000,15,0,0,0,0,0,0,0,0,41,0,0,0,1,0,30,1,1,0,1,0,"0,0",0,0,9,0,0,0,0,0,5000,7500,0,0,0,0,1000,0,0,0,0,0,0,1,0,0,0,0,0,0,0,0,0
512,2,灯笼鱼,0,0,0,0,0,0,0,1,20311,10,10,0,10000,135,0.098,0.5,0,0,0,0,0,0,0,0,0,51,74,18000,22000,1,1,3,2000,4000,16,0,0,0,0,0,0,0,0,42,0,0,1,1,0,30,1,1,0,1,0,"0,0",0,0,10,0,0,0,0,0,5000,7500,0,0,0,0,1000,0,0,0,0,0,0,1,0,0,0,0,0,0,0,0,0
513,2,蝴蝶鱼,0,0,0,0,0,0,0,1,20312,10,10,0,10000,135,0.098,0.5,0,0,0,0,0,0,0,0,0,59,59,15000,18000,1,1,3,2000,4000,17,0,0,0,0,0,0,0,0,43,0,0,1,1,0,30,1,1,0,1,0,"0,0",0,0,10,0,0,0,0,0,5000,7500,0,0,0,0,1000,0,0,0,0,0,0,1,0,0,0,0,0,0,0,0,0
514,2,马蹄蟹,0,0,0,0,0,0,0,1,20313,12,12,0,10000,130,0.081666666667,0.5,0,0,0,0,0,0,0,0,0,55,117,16800,24000,1,1,3,2000,4000,18,0,0,0,0,0,0,0,0,44,0,0,1,1,0,30,1,1,0,1,0,"0,0",0,0,12,0,0,0,0,0,5000,7500,0,0,0,0,1000,0,0,0,0,0,0,1,0,0,0,0,0,0,0,0,0
515,2,魔鬼鱼,0,0,0,0,0,0,0,1,20314,15,15,0,10000,120,0.065333333333,0.5,0,0,0,0,0,0,0,0,0,84,60,21000,30000,1,1,3,2000,4000,20,0,0,0,0,0,0,0,0,45,0,0,1,1,0,30,1,1,0,1,0,"0,0",0,0,15,0,0,0,0,0,5000,7500,0,0,0,0,1000,0,0,0,0,0,0,1,0,0,0,0,0,0,0,0,0
516,2,蝙蝠鱼,0,0,0,0,0,0,0,1,20315,18,18,0,10000,110,0.054444444444,0.5,0,0,0,0,0,0,0,0,0,114,134,22400,28400,1,2,3,2000,4000,22,0,0,0,0,0,0,0,0,46,0,0,1,1,0,30,1,1,0,1,0,"0,0",0,0,18,0,0,0,0,0,5000,7500,0,0,0,0,1000,0,0,0,0,0,0,1,0,0,0,0,0,0,0,0,0
517,2,箭刺鱼,0,0,0,0,0,0,0,1,20316,20,20,0,10000,80,0.049,0.5,0,0,0,0,0,0,0,0,0,60,160,18600,30000,1,1,3,2000,4000,23,0,0,0,0,0,0,0,0,47,0,0,1,1,0,30,1,1,0,1,0,"0,0",0,0,20,0,0,0,0,0,5000,7500,0,0,0,0,1000,0,0,0,0,0,0,1,0,0,0,0,0,0,0,0,0
518,2,蓝鲨,0,0,0,0,0,0,0,1,20317,25,25,0,10000,80,0.0392,0.5,0,0,0,0,0,0,0,0,0,90,170,42000,60000,1,1,3,0,0,24,0,0,0,0,0,0,0,0,48,0,0,1,1,0,30,1,1,0,1,0,"0,0",0,0,25,0,0,0,0,0,5000,7500,0,0,0,0,1000,0,0,0,0,0,0,1,0,0,0,0,0,0,0,0,0
523,3,金锤头鲨,0,0,0,1,0,0,0,1,20320,50,50,0,10000,70,0.0186,0.5,0,0,0,0,0,0,0,0,0,100,260,24000,30000,1,1,3,0,0,32,0,0,0,0,0,0,0,0,53,0,0,1,0,1,30,1,1,0,1,0,"0,0",0,0,50,0,0,0,0,0,5000,7500,0,0,0,0,1000,0,0,0,0,1,501,2,1000,3000,0,0,0,0,0,0,0
524,3,金蟾,0,0,0,1,0,0,0,1,20321,150,150,0,10000,90,0.0062,0.5,0,0,0,0,0,0,0,0,0,120,260,24000,30000,1,1,2,0,0,37,0,0,0,0,0,0,0,0,54,0,0,1,0,1,30,1,1,0,1,0,"0,0",0,0,150,0,0,0,0,0,5000,7500,0,0,0,0,1000,0,0,0,0,1,503,2,5000,10000,0,0,0,0,0,0,0
525,3,金水母,0,0,0,1,0,0,0,1,20322,160,160,0,10000,50,0.0058125,0.5,0,0,0,0,0,0,0,0,0,200,150,24000,30000,1,1,3,0,0,38,0,0,0,0,0,0,0,0,55,0,0,1,0,1,30,1,1,0,1,0,"0,0",0,0,160,0,0,0,0,0,5000,7500,0,0,0,0,1000,0,0,0,0,1,504,2,10000,20000,0,0,0,0,0,0,0
526,3,金鲨,0,0,0,1,0,0,0,1,20323,100,100,0,10000,50,0.0093,0.5,0,0,0,0,0,0,0,0,0,110,230,24000,30000,1,1,3,0,0,36,0,0,0,0,0,0,0,0,56,0,0,1,0,1,30,1,1,0,1,0,"0,0",0,0,100,0,0,0,0,0,5000,7500,0,0,0,0,1000,0,0,0,0,1,503,2,5000,10000,0,0,0,0,0,0,0
527,3,金玳瑁,0,0,0,1,0,0,0,1,20324,200,200,0,10000,50,0.00465,0.5,0,0,0,0,0,0,0,0,0,200,170,24000,30000,1,1,3,0,0,39,0,0,0,0,0,0,0,0,57,0,0,1,0,1,30,1,1,0,1,0,"0,0",0,0,200,0,0,0,0,0,5000,7500,0,0,0,0,1000,0,0,0,0,1,504,2,10000,20000,0,0,0,0,0,0,0
535,6,深海炸弹,0,0,0,1,0,0,0,1,20327,0,0,0,10000,40,0.009234,0.5,0,0,0,0,0,0,0,0,0,126,120,240000,300000,1,1,3,0,0,25,0,0,0,0,0,0,0,0,0,0,0,0,1,0,30,1,0,0,1,0,"0,0",0,0,0,0,0,0,0,0,5000,7500,0,0,0,0,1000,0,0,0,0,0,0,1,0,0,0,0,0,0,0,0,0
536,7,深海电鳗,0,0,0,1,0,0,0,1,20328,100,0,0,10000,40,0.009,0.5,0,0,0,0,0,0,0,0,0,116,182,240000,360000,1,1,3,0,0,27,0,0,0,0,0,0,0,0,0,0,0,0,1,0,30,1,0,0,1,0,"0,0",0,0,0,0,0,0,0,0,5000,7500,0,0,0,0,1000,0,0,0,0,0,0,1,0,0,0,0,0,0,0,0,0
563,23,河豚王子,1,0,0,1,0,0,0,1,20381,50,50,0,10000,70,0.018,0.5,0,0,0,0,0,0,0,0,0,108,100,40000,50000,1,1,3,0,0,28,0,0,0,0,0,0,0,0,0,0,0,0,1,0,30,1,0,0,1,0,"0,0",0,0,50,0,0,0,0,0,5000,7500,0,0,0,0,1000,0,0,0,0,0,0,1,0,0,0,0,0,0,0,0,0
564,24,水母公主,2,0,0,1,0,0,0,1,20382,50,50,0,10000,70,0.018,0.5,0,0,0,0,0,0,0,0,0,131,75,60000,70000,1,1,3,0,0,29,0,0,0,0,0,0,0,0,0,0,0,0,1,0,30,1,0,0,1,0,"0,0",0,0,100,0,0,0,0,0,5000,7500,0,0,0,0,1000,0,0,0,0,0,0,1,0,0,0,0,0,0,0,0,0
601,1,小红鱼,0,0,0,0,0,0,0,1,20300,2,2,0,10000,200,0.495,0.5,0,0,0,0,0,0,0,0,0,26,50,32000,43200,3,4,1,1000,1000,1,0,0,0,0,0,0,0,0,31,0,0,0,1,0,30,1,1,0,1,0,"0,0",0,0,2,0,0,0,0,0,5000,7500,0,0,0,0,1000,0,0,0,0,0,0,1,0,0,0,0,0,0,0,0,0
602,1,小黄鱼,0,0,0,0,0,0,0,1,20301,2,2,0,10000,200,0.495,0.5,0,0,0,0,0,0,0,0,0,27,44,20450,26200,2,4,2,1000,1000,2,0,0,0,0,0,0,0,0,31,0,0,0,1,0,30,1,1,0,1,0,"0,0",0,0,2,0,0,0,0,0,5000,7500,0,0,0,0,1000,0,0,0,0,0,0,1,0,0,0,0,0,0,0,0,0
603,1,斑点鱼,0,0,0,0,0,0,0,1,20302,2,2,0,10000,190,0.495,0.5,0,0,0,0,0,0,0,0,0,28,51,24000,31000,3,5,1,900,900,3,0,0,0,0,0,0,0,0,31,0,0,0,1,0,30,1,1,0,1,0,"0,0",0,0,2,0,0,0,0,0,5000,7500,0,0,0,0,1000,0,0,0,0,0,0,1,0,0,0,0,0,0,0,0,0
604,1,小草鱼,0,0,0,0,0,0,0,1,20303,3,3,0,10000,180,0.33,0.5,0,0,0,0,0,0,0,0,0,36,47,16640,23040,1,3,3,1200,1200,4,0,0,0,0,0,0,0,0,34,0,0,0,1,0,30,1,1,0,1,0,"0,0",0,0,3,0,0,0,0,0,5000,7500,0,0,0,0,1000,0,0,0,0,0,0,1,0,0,0,0,0,0,0,0,0
605,1,大眼鱼,0,0,0,0,0,0,0,1,20304,3,3,0,10000,170,0.33,0.5,0,0,0,0,0,0,0,0,0,35,49,15200,18600,2,2,3,3000,5000,5,0,0,0,0,0,0,0,0,35,0,0,0,1,0,30,1,1,0,1,0,"0,0",0,0,3,0,0,0,0,0,5000,7500,0,0,0,0,1000,0,0,0,0,0,0,1,0,0,0,0,0,0,0,0,0
606,1,小眼泡鱼,0,0,0,0,0,0,0,1,20305,4,4,0,10000,170,0.2475,0.5,0,0,0,0,0,0,0,0,0,51,48,14000,16050,1,1,3,1000,1000,6,0,0,0,0,0,0,0,0,36,0,0,0,1,0,30,1,1,0,1,0,"0,0",0,0,4,0,0,0,0,0,5000,7500,0,0,0,0,1000,0,0,0,0,0,0,1,0,0,0,0,0,0,0,0,0
607,1,胖头鱼,0,0,0,0,0,0,0,1,20306,5,5,0,10000,160,0.198,0.5,0,0,0,0,0,0,0,0,0,37,75,26000,28000,1,2,3,3000,5000,8,0,0,0,0,0,0,0,0,37,0,0,0,1,0,30,1,1,0,1,0,"0,0",0,0,5,0,0,0,0,0,5000,7500,0,0,0,0,1000,0,0,0,0,0,0,1,0,0,0,0,0,0,0,0,0
608,1,飞鲤,0,0,0,0,0,0,0,1,20307,6,6,0,10000,160,0.165,0.5,0,0,0,0,0,0,0,0,0,50,55,27000,32000,2,3,2,1200,1200,9,0,0,0,0,0,0,0,0,38,0,0,0,1,0,30,1,1,0,1,0,"0,0",0,0,6,0,0,0,0,0,5000,7500,0,0,0,0,1000,0,0,0,0,0,0,1,0,0,0,0,0,0,0,0,0
609,1,孔雀鱼,0,0,0,0,0,0,0,1,20308,7,7,0,10000,155,0.14142857143,0.5,0,0,0,0,0,0,0,0,0,85,60,24000,28000,2,3,3,2000,4000,11,0,0,0,0,0,0,0,0,39,0,0,0,1,0,30,1,1,0,1,0,"0,0",0,0,7,0,0,0,0,0,5000,7500,0,0,0,0,1000,0,0,0,0,0,0,1,0,0,0,0,0,0,0,0,0
610,1,海龟,0,0,0,0,0,0,0,1,20309,8,8,0,10000,140,0.12375,0.5,0,0,0,0,0,0,0,0,0,75,64,18500,25000,2,3,3,2000,4000,12,0,0,0,0,0,0,0,0,40,0,0,0,1,0,30,1,1,0,1,0,"0,0",0,0,8,0,0,0,0,0,5000,7500,0,0,0,0,1000,0,0,0,0,0,0,1,0,0,0,0,0,0,0,0,0
611,2,叮当鱼,0,0,0,0,0,0,0,1,20310,9,9,0,10000,140,0.11,0.5,0,0,0,0,0,0,0,0,0,50,68,12000,18600,1,2,3,4000,6000,15,0,0,0,0,0,0,0,0,41,0,0,0,1,0,30,1,1,0,1,0,"0,0",0,0,9,0,0,0,0,0,5000,7500,0,0,0,0,1000,0,0,0,0,0,0,1,0,0,0,0,0,0,0,0,0
612,2,灯笼鱼,0,0,0,0,0,0,0,1,20311,10,10,0,10000,135,0.099,0.5,0,0,0,0,0,0,0,0,0,51,74,18000,22000,1,1,3,2000,4000,16,0,0,0,0,0,0,0,0,42,0,0,1,1,0,30,1,1,0,1,0,"0,0",0,0,10,0,0,0,0,0,5000,7500,0,0,0,0,1000,0,0,0,0,0,0,1,0,0,0,0,0,0,0,0,0
613,2,蝴蝶鱼,0,0,0,0,0,0,0,1,20312,10,10,0,10000,135,0.099,0.5,0,0,0,0,0,0,0,0,0,59,59,15000,18000,1,1,3,2000,4000,17,0,0,0,0,0,0,0,0,43,0,0,1,1,0,30,1,1,0,1,0,"0,0",0,0,10,0,0,0,0,0,5000,7500,0,0,0,0,1000,0,0,0,0,0,0,1,0,0,0,0,0,0,0,0,0
614,2,马蹄蟹,0,0,0,0,0,0,0,1,20313,12,12,0,10000,130,0.0825,0.5,0,0,0,0,0,0,0,0,0,55,117,16800,24000,1,1,3,2000,4000,18,0,0,0,0,0,0,0,0,44,0,0,1,1,0,30,1,1,0,1,0,"0,0",0,0,12,0,0,0,0,0,5000,7500,0,0,0,0,1000,0,0,0,0,0,0,1,0,0,0,0,0,0,0,0,0
615,2,魔鬼鱼,0,0,0,0,0,0,0,1,20314,15,15,0,10000,120,0.066,0.5,0,0,0,0,0,0,0,0,0,84,60,21000,30000,1,1,3,2000,4000,20,0,0,0,0,0,0,0,0,45,0,0,1,1,0,30,1,1,0,1,0,"0,0",0,0,15,0,0,0,0,0,5000,7500,0,0,0,0,1000,0,0,0,0,0,0,1,0,0,0,0,0,0,0,0,0
616,2,蝙蝠鱼,0,0,0,0,0,0,0,1,20315,18,18,0,10000,110,0.055,0.5,0,0,0,0,0,0,0,0,0,114,134,22400,28400,1,2,3,2000,4000,22,0,0,0,0,0,0,0,0,46,0,0,1,1,0,30,1,1,0,1,0,"0,0",0,0,18,0,0,0,0,0,5000,7500,0,0,0,0,1000,0,0,0,0,0,0,1,0,0,0,0,0,0,0,0,0
617,2,箭刺鱼,0,0,0,0,0,0,0,1,20316,20,20,0,10000,80,0.0495,0.5,0,0,0,0,0,0,0,0,0,60,160,18600,30000,1,1,3,2000,4000,23,0,0,0,0,0,0,0,0,47,0,0,1,1,0,30,1,1,0,1,0,"0,0",0,0,20,0,0,0,0,0,5000,7500,0,0,0,0,1000,0,0,0,0,0,0,1,0,0,0,0,0,0,0,0,0
618,2,蓝鲨,0,0,0,0,0,0,0,1,20317,25,25,0,10000,80,0.0396,0.5,0,0,0,0,0,0,0,0,0,90,170,42000,60000,1,1,3,0,0,24,0,0,0,0,0,0,0,0,48,0,0,1,1,0,30,1,1,0,1,0,"0,0",0,0,25,0,0,0,0,0,5000,7500,0,0,0,0,1000,0,0,0,0,0,0,1,0,0,0,0,0,0,0,0,0
623,3,金锤头鲨,0,0,0,1,0,0,0,1,20320,50,50,0,10000,70,0.0186,0.5,0,0,0,0,0,0,0,0,0,100,260,24000,30000,1,1,3,0,0,32,0,0,0,0,0,0,0,0,53,0,0,1,0,1,30,1,1,0,1,0,"0,0",0,0,50,0,0,0,0,0,5000,7500,0,0,0,0,1000,0,0,0,0,1,601,2,1000,3000,0,0,0,0,0,0,0
624,3,金蟾,0,0,0,1,0,0,0,1,20321,150,150,0,10000,90,0.0062,0.5,0,0,0,0,0,0,0,0,0,120,260,24000,30000,1,1,2,0,0,37,0,0,0,0,0,0,0,0,54,0,0,1,0,1,30,1,1,0,1,0,"0,0",0,0,150,0,0,0,0,0,5000,7500,0,0,0,0,1000,0,0,0,0,1,603,2,5000,10000,0,0,0,0,0,0,0
625,3,金水母,0,0,0,1,0,0,0,1,20322,160,160,0,10000,50,0.0058125,0.5,0,0,0,0,0,0,0,0,0,200,150,24000,30000,1,1,3,0,0,38,0,0,0,0,0,0,0,0,55,0,0,1,0,1,30,1,1,0,1,0,"0,0",0,0,160,0,0,0,0,0,5000,7500,0,0,0,0,1000,0,0,0,0,1,604,2,10000,20000,0,0,0,0,0,0,0
626,3,金鲨,0,0,0,1,0,0,0,1,20323,100,100,0,10000,50,0.0093,0.5,0,0,0,0,0,0,0,0,0,110,230,24000,30000,1,1,3,0,0,36,0,0,0,0,0,0,0,0,56,0,0,1,0,1,30,1,1,0,1,0,"0,0",0,0,100,0,0,0,0,0,5000,7500,0,0,0,0,1000,0,0,0,0,1,603,2,5000,10000,0,0,0,0,0,0,0
627,3,金玳瑁,0,0,0,1,0,0,0,1,20324,200,200,0,10000,50,0.00465,0.5,0,0,0,0,0,0,0,0,0,200,170,24000,30000,1,1,3,0,0,39,0,0,0,0,0,0,0,0,57,0,0,1,0,1,30,1,1,0,1,0,"0,0",0,0,200,0,0,0,0,0,5000,7500,0,0,0,0,1000,0,0,0,0,1,604,2,10000,20000,0,0,0,0,0,0,0
629,6,深海炸弹,0,0,0,1,0,0,0,1,20327,0,0,0,10000,40,0.009234,0.5,0,0,0,0,0,0,0,0,0,126,120,240000,300000,1,1,3,0,0,25,0,0,0,0,0,0,0,0,0,0,0,0,1,0,30,1,0,0,1,0,"0,0",0,0,0,0,0,0,0,0,5000,7500,0,0,0,0,1000,0,0,0,0,0,0,1,0,0,0,0,0,0,0,0,0
630,7,深海电鳗,0,0,0,1,0,0,0,1,20328,100,0,0,10000,40,0.009,0.5,0,0,0,0,0,0,0,0,0,116,182,240000,360000,1,1,3,0,0,27,0,0,0,0,0,0,0,0,0,0,0,0,1,0,30,1,0,0,1,0,"0,0",0,0,0,0,0,0,0,0,5000,7500,0,0,0,0,1000,0,0,0,0,0,0,1,0,0,0,0,0,0,0,0,0
638,23,河豚王子,1,0,0,1,0,0,0,1,20381,50,50,0,10000,70,0.018,0.5,0,0,0,0,0,0,0,0,0,108,100,40000,50000,1,1,3,0,0,28,0,0,0,0,0,0,0,0,0,0,0,0,1,0,30,1,0,0,1,0,"0,0",0,0,50,0,0,0,0,0,5000,7500,0,0,0,0,1000,0,0,0,0,0,0,1,0,0,0,0,0,0,0,0,0
639,24,水母公主,2,0,0,1,0,0,0,1,20382,50,50,0,10000,70,0.018,0.5,0,0,0,0,0,0,0,0,0,131,75,60000,70000,1,1,3,0,0,29,0,0,0,0,0,0,0,0,0,0,0,0,1,0,30,1,0,0,1,0,"0,0",0,0,100,0,0,0,0,0,5000,7500,0,0,0,0,1000,0,0,0,0,0,0,1,0,0,0,0,0,0,0,0,0
1001011,1,赵铁牛,0,0,0,0,0,0,0,1,80071,2,5,0,10000,200,0.495,0.5,10000,"101,102,103","185,23,46","1,1,1",60,1,0,0,0,50,50,0,0,3,6,1,500,600,1,0,0,0,0,0,0,0,0,0,0,0,0,0,0,30,6,0,0,0,0,"0,0",0,0,5,0,0,0,0,0,0,0,0,0,0,0,0,0,0,0,0,0,0,0,0,0,1,26,45,0,0,40,80
1001012,2,陈美丽,0,0,0,0,0,0,0,1,80074,10,20,0,10000,140,0.099,0.5,5000,"101,102,103","222,28,56","1,1,1",71,1,0,0,0,80,80,0,0,1,4,3,1200,2000,15,0,0,0,0,0,0,0,0,0,0,0,1,0,0,30,6,0,0,0,0,"0,0",0,0,20,0,0,0,0,0,0,0,0,0,0,0,0,0,0,0,0,0,0,0,0,0,1,121,179,0,0,50,100
1001013,3,美术张红红,0,0,0,0,0,0,0,1,80077,50,50,0,10000,70,0.0198,0.5,2000,"101,102,103","834,104,209","1,1,1",271,1,0,0,0,100,100,0,0,1,1,3,0,0,32,0,0,0,0,0,0,0,0,0,0,0,1,0,0,14,6,0,0,0,0,"0,0",0,0,50,0,0,0,0,0,0,0,0,0,0,0,0,0,0,0,0,1,0,0,0,0,1,314,424,0,0,60,120
1001021,1,廖二狗,0,0,0,0,0,0,0,1,80072,3,8,0,10000,170,0.33,0.5,10000,"101,102,103","185,23,46","1,1,1",60,1,0,0,0,50,50,0,0,1,5,1,500,600,6,0,0,0,0,0,0,0,0,0,0,0,0,0,0,30,6,0,0,0,0,"0,0",0,0,8,0,0,0,0,0,0,0,0,0,0,0,0,0,0,0,0,0,0,0,0,0,1,35,57,0,0,40,80
1001022,2,汪大喵,0,0,0,0,0,0,0,1,80075,15,30,0,10000,125,0.066,0.5,5000,"101,102,103","222,28,56","1,1,1",71,1,0,0,0,80,80,0,0,1,3,3,1500,2200,19,0,0,0,0,0,0,0,0,0,0,0,1,0,0,30,6,0,0,0,0,"0,0",0,0,30,0,0,0,0,0,0,0,0,0,0,0,0,0,0,0,0,0,0,0,0,0,1,154,219,0,0,50,100
1001023,3,程序王蛋蛋,0,0,0,0,0,0,0,1,80078,80,100,0,10000,50,0.012375,0.5,2000,"101,102,103","834,104,209","1,1,1",271,1,0,0,0,100,100,0,0,1,1,3,0,0,36,0,0,0,0,0,0,0,0,0,0,0,1,0,0,24,6,0,0,0,0,"0,0",0,0,100,0,0,0,0,0,0,0,0,0,0,0,0,0,0,0,0,1,0,0,0,0,1,475,600,0,0,60,120
1001031,1,林二傻,0,0,0,0,0,0,0,1,80073,5,12,0,10000,160,0.198,0.5,10000,"101,102,103","185,23,46","1,1,1",60,1,0,0,0,50,50,0,0,1,5,1,600,700,9,0,0,0,0,0,0,0,0,0,0,0,0,0,0,30,6,0,0,0,0,"0,0",0,0,12,0,0,0,0,0,0,0,0,0,0,0,0,0,0,0,0,0,0,0,0,0,1,44,69,0,0,40,80
1001032,2,郑三炮,0,0,0,0,0,0,0,1,80076,20,40,0,10000,110,0.0495,0.5,5000,"101,102,103","222,28,56","1,1,1",71,1,0,0,0,80,80,0,0,1,2,3,1700,2500,22,0,0,0,0,0,0,0,0,0,0,0,1,0,0,30,6,0,0,0,0,"0,0",0,0,40,0,0,0,0,0,0,0,0,0,0,0,0,0,0,0,0,0,0,0,0,0,1,183,253,0,0,50,100
1001033,3,策划李萌萌,0,0,0,0,0,0,0,1,80079,120,150,0,10000,50,0.00825,0.5,2000,"101,102,103","834,104,209","1,1,1",271,1,0,0,0,100,100,0,0,1,1,3,0,0,38,0,0,0,0,0,0,0,0,0,0,0,1,0,0,19,6,0,0,0,0,"0,0",0,0,150,0,0,0,0,0,0,0,0,0,0,0,0,0,0,0,0,1,0,0,0,0,1,606,735,0,0,60,120
1001041,32,测试小妹,0,0,0,0,0,0,0,1,80011,500,500,500,10000,50,0.0019,0.5,0,0,0,0,0,0,0,0,0,150,150,0,0,1,1,3,0,0,52,0,0,0,0,0,0,0,0,0,0,0,0,0,0,30,6,0,0,0,0,"0,0",0,0,500,0,0,0,0,0,0,0,0,0,0,0,0,0,0,0,0,1,0,0,0,0,0,0,0,500,100,1000,3000
1001042,32,美术姐姐,0,0,0,0,0,0,0,1,80012,500,500,500,10000,50,0.0019,0.5,0,0,0,0,0,0,0,0,0,150,150,0,0,1,1,3,0,0,48,0,0,0,0,0,0,0,0,0,0,0,0,0,0,30,6,0,0,0,0,"0,0",0,0,500,0,0,0,0,0,0,0,0,0,0,0,0,0,0,0,0,1,0,0,0,0,0,0,0,500,100,1000,3000
1001043,32,程序蜀黍,0,0,0,0,0,0,0,1,80013,500,500,500,10000,50,0.0019,0.5,0,0,0,0,0,0,0,0,0,150,150,0,0,1,1,3,0,0,50,0,0,0,0,0,0,0,0,0,0,0,0,0,0,30,6,0,0,0,0,"0,0",0,0,500,0,0,0,0,0,0,0,0,0,0,0,0,0,0,0,0,1,0,0,0,0,0,0,0,500,100,1000,3000
1001044,32,策划老湿,0,0,0,0,0,0,0,1,80014,500,500,500,10000,50,0.0019,0.5,0,0,0,0,0,0,0,0,0,150,150,0,0,1,1,3,0,0,51,0,0,0,0,0,0,0,0,0,0,0,0,0,0,30,6,0,0,0,0,"0,0",0,0,500,0,0,0,0,0,0,0,0,0,0,0,0,0,0,0,0,1,0,0,0,0,0,0,0,500,100,1000,3000
1001045,3,测试张二丫,0,0,0,0,0,0,0,1,80047,150,100,0,10000,50,0.0066,0.5,2000,0,0,0,0,0,0,0,0,100,100,0,0,1,1,3,0,0,39,0,0,0,0,0,0,0,0,0,0,0,0,0,0,30,6,0,0,0,0,"0,0",0,0,100,0,0,0,0,0,0,0,0,0,0,0,0,0,0,0,0,1,0,0,0,0,0,475,600,0,0,60,120
1001051,33,制作人,0,0,0,0,1,0,0,1,80015,1500,1500,1000,10000,50,0.00037903225806,0.5,0,0,0,0,0,0,0,0,0,300,300,0,0,1,1,3,0,0,71,0,666,"5000,10000,20000,50000","6500,3125,300,75",0,0,0,0,0,1,500,0,0,0,30,6,0,0,0,0,"0,0",0,0,1500,0,0,0,0,0,0,0,0,0,0,0,0,0,1,0,1,1,0,1,0,0,0,0,0,0,0,1500,4500
1001052,4,小测试妹妹,0,0,0,0,0,0,0,1,80048,500,500,500,10000,50,0.0019,0.5,0,0,0,0,0,0,0,0,0,140,140,135000,150000,1,1,3,0,0,60,0,0,0,0,0,0,0,0,0,0,0,0,0,0,30,6,0,0,0,0,"0,0",0,0,500,0,0,0,0,0,0,0,0,0,0,0,0,0,0,0,0,1,0,0,0,0,0,0,0,0,0,0,0
1001053,4,小美术姐姐,0,0,0,0,0,0,0,1,80049,500,500,500,10000,50,0.0019,0.5,0,0,0,0,0,0,0,0,0,140,140,135000,150000,1,1,3,0,0,61,0,0,0,0,0,0,0,0,0,0,0,0,0,0,30,6,0,0,0,0,"0,0",0,0,500,0,0,0,0,0,0,0,0,0,0,0,0,0,0,0,0,1,0,0,0,0,0,0,0,0,0,0,0
1001054,4,小程序蜀黍,0,0,0,0,0,0,0,1,80050,500,500,500,10000,50,0.0019,0.5,0,0,0,0,0,0,0,0,0,140,140,135000,150000,1,1,3,0,0,62,0,0,0,0,0,0,0,0,0,0,0,0,0,0,30,6,0,0,0,0,"0,0",0,0,500,0,0,0,0,0,0,0,0,0,0,0,0,0,0,0,0,1,0,0,0,0,0,0,0,0,0,0,0
1001055,4,小策划老湿,0,0,0,0,0,0,0,1,80051,500,500,500,10000,50,0.0019,0.5,0,0,0,0,0,0,0,0,0,140,140,135000,150000,1,1,3,0,0,63,0,0,0,0,0,0,0,0,0,0,0,0,0,0,30,6,0,0,0,0,"0,0",0,0,500,0,0,0,0,0,0,0,0,0,0,0,0,0,0,0,0,1,0,0,0,0,0,0,0,0,0,0,0
1002011,1,赵铁牛,0,0,0,0,0,0,0,1,80071,2,5,0,10000,200,0.49,0.5,10000,"101,102,103","185,23,46","1,1,1",60,1,0,0,0,50,50,0,0,3,6,1,500,600,1,0,0,0,0,0,0,0,0,0,0,0,0,0,0,30,6,0,0,0,0,"0,0",0,0,5,0,0,0,0,0,0,0,0,0,0,0,0,0,0,0,0,0,0,0,0,0,1,26,45,0,0,45,90
1002012,2,陈美丽,0,0,0,0,0,0,0,1,80074,10,20,0,10000,140,0.098,0.5,5000,"101,102,103","222,28,56","1,1,1",71,1,0,0,0,80,80,0,0,1,4,3,1200,2000,15,0,0,0,0,0,0,0,0,0,0,0,1,0,0,30,6,0,0,0,0,"0,0",0,0,20,0,0,0,0,0,0,0,0,0,0,0,0,0,0,0,0,0,0,0,0,0,1,121,179,0,0,55,110
1002013,3,美术张红红,0,0,0,0,0,0,0,1,80077,50,50,0,10000,70,0.0196,0.5,2000,"101,102,103","834,104,209","1,1,1",271,1,0,0,0,100,100,0,0,1,1,3,0,0,32,0,0,0,0,0,0,0,0,0,0,0,1,0,0,14,6,0,0,0,0,"0,0",0,0,50,0,0,0,0,0,0,0,0,0,0,0,0,0,0,0,0,1,0,0,0,0,1,314,424,0,0,65,130
1002021,1,廖二狗,0,0,0,0,0,0,0,1,80072,3,8,0,10000,170,0.3266667,0.5,10000,"101,102,103","185,23,46","1,1,1",60,1,0,0,0,50,50,0,0,1,5,1,500,600,6,0,0,0,0,0,0,0,0,0,0,0,0,0,0,30,6,0,0,0,0,"0,0",0,0,8,0,0,0,0,0,0,0,0,0,0,0,0,0,0,0,0,0,0,0,0,0,1,35,57,0,0,45,90
1002022,2,汪大喵,0,0,0,0,0,0,0,1,80075,15,30,0,10000,125,0.0653333,0.5,5000,"101,102,103","222,28,56","1,1,1",71,1,0,0,0,80,80,0,0,1,3,3,1500,2200,19,0,0,0,0,0,0,0,0,0,0,0,1,0,0,30,6,0,0,0,0,"0,0",0,0,30,0,0,0,0,0,0,0,0,0,0,0,0,0,0,0,0,0,0,0,0,0,1,154,219,0,0,55,110
1002023,3,程序王蛋蛋,0,0,0,0,0,0,0,1,80078,80,100,0,10000,50,0.01225,0.5,2000,"101,102,103","834,104,209","1,1,1",271,1,0,0,0,100,100,0,0,1,1,3,0,0,36,0,0,0,0,0,0,0,0,0,0,0,1,0,0,24,6,0,0,0,0,"0,0",0,0,100,0,0,0,0,0,0,0,0,0,0,0,0,0,0,0,0,1,0,0,0,0,1,475,600,0,0,65,130
1002031,1,林二傻,0,0,0,0,0,0,0,1,80073,5,12,0,10000,160,0.196,0.5,10000,"101,102,103","185,23,46","1,1,1",60,1,0,0,0,50,50,0,0,1,5,1,600,700,9,0,0,0,0,0,0,0,0,0,0,0,0,0,0,30,6,0,0,0,0,"0,0",0,0,12,0,0,0,0,0,0,0,0,0,0,0,0,0,0,0,0,0,0,0,0,0,1,44,69,0,0,45,90
1002032,2,郑三炮,0,0,0,0,0,0,0,1,80076,20,40,0,10000,110,0.049,0.5,5000,"101,102,103","222,28,56","1,1,1",71,1,0,0,0,80,80,0,0,1,2,3,1700,2500,22,0,0,0,0,0,0,0,0,0,0,0,1,0,0,30,6,0,0,0,0,"0,0",0,0,40,0,0,0,0,0,0,0,0,0,0,0,0,0,0,0,0,0,0,0,0,0,1,183,253,0,0,55,110
1002033,3,策划李萌萌,0,0,0,0,0,0,0,1,80079,120,150,0,10000,50,0.0081667,0.5,2000,"101,102,103","834,104,209","1,1,1",271,1,0,0,0,100,100,0,0,1,1,3,0,0,38,0,0,0,0,0,0,0,0,0,0,0,1,0,0,19,6,0,0,0,0,"0,0",0,0,150,0,0,0,0,0,0,0,0,0,0,0,0,0,0,0,0,1,0,0,0,0,1,606,735,0,0,65,130
1002041,32,测试小妹,0,0,0,0,0,0,0,1,80011,500,500,500,10000,50,0.00188,0.5,0,0,0,0,0,0,0,0,0,150,150,0,0,1,1,3,0,0,52,0,0,0,0,0,0,0,0,0,0,0,0,0,0,30,6,0,0,0,0,"0,0",0,0,500,0,0,0,0,0,0,0,0,0,0,0,0,0,0,0,0,1,0,0,0,0,0,0,0,500,100,1200,3600
1002042,32,美术姐姐,0,0,0,0,0,0,0,1,80012,500,500,500,10000,50,0.00188,0.5,0,0,0,0,0,0,0,0,0,150,150,0,0,1,1,3,0,0,48,0,0,0,0,0,0,0,0,0,0,0,0,0,0,30,6,0,0,0,0,"0,0",0,0,500,0,0,0,0,0,0,0,0,0,0,0,0,0,0,0,0,1,0,0,0,0,0,0,0,500,100,1200,3600
1002043,32,程序蜀黍,0,0,0,0,0,0,0,1,80013,500,500,500,10000,50,0.00188,0.5,0,0,0,0,0,0,0,0,0,150,150,0,0,1,1,3,0,0,50,0,0,0,0,0,0,0,0,0,0,0,0,0,0,30,6,0,0,0,0,"0,0",0,0,500,0,0,0,0,0,0,0,0,0,0,0,0,0,0,0,0,1,0,0,0,0,0,0,0,500,100,1200,3600
1002044,32,策划老湿,0,0,0,0,0,0,0,1,80014,500,500,500,10000,50,0.00188,0.5,0,0,0,0,0,0,0,0,0,150,150,0,0,1,1,3,0,0,51,0,0,0,0,0,0,0,0,0,0,0,0,0,0,30,6,0,0,0,0,"0,0",0,0,500,0,0,0,0,0,0,0,0,0,0,0,0,0,0,0,0,1,0,0,0,0,0,0,0,500,100,1200,3600
1002045,3,测试张二丫,0,0,0,0,0,0,0,1,80047,150,150,0,10000,50,0.0065333,0.5,2000,0,0,0,0,0,0,0,0,100,100,0,0,1,1,3,0,0,39,0,0,0,0,0,0,0,0,0,0,0,0,0,0,30,6,0,0,0,0,"0,0",0,0,150,0,0,0,0,0,0,0,0,0,0,0,0,0,0,0,0,1,0,0,0,0,0,606,735,0,0,65,130
1002051,33,制作人,0,0,0,0,1,0,0,1,80015,1500,1500,1000,10000,50,0.00037096774194,0.5,0,0,0,0,0,0,0,0,0,300,300,0,0,1,1,3,0,0,71,0,666,"5000,10000,20000,50000","6500,3125,300,75",0,0,0,0,0,1,5000,0,0,0,30,6,0,0,0,0,"0,0",0,0,1500,0,0,0,0,0,0,0,0,0,0,0,0,0,1,0,1,1,0,1,0,0,0,0,0,0,0,2000,6000
1002052,4,小测试妹妹,0,0,0,0,0,0,0,1,80048,500,500,500,10000,50,0.00188,0.5,0,0,0,0,0,0,0,0,0,140,140,135000,150000,1,1,3,0,0,60,0,0,0,0,0,0,0,0,0,0,0,0,0,0,30,6,0,0,0,0,"0,0",0,0,500,0,0,0,0,0,0,0,0,0,0,0,0,0,0,0,0,1,0,0,0,0,0,0,0,0,0,0,0
1002053,4,小美术姐姐,0,0,0,0,0,0,0,1,80049,500,500,500,10000,50,0.00188,0.5,0,0,0,0,0,0,0,0,0,140,140,135000,150000,1,1,3,0,0,61,0,0,0,0,0,0,0,0,0,0,0,0,0,0,30,6,0,0,0,0,"0,0",0,0,500,0,0,0,0,0,0,0,0,0,0,0,0,0,0,0,0,1,0,0,0,0,0,0,0,0,0,0,0
1002054,4,小程序蜀黍,0,0,0,0,0,0,0,1,80050,500,500,500,10000,50,0.00188,0.5,0,0,0,0,0,0,0,0,0,140,140,135000,150000,1,1,3,0,0,62,0,0,0,0,0,0,0,0,0,0,0,0,0,0,30,6,0,0,0,0,"0,0",0,0,500,0,0,0,0,0,0,0,0,0,0,0,0,0,0,0,0,1,0,0,0,0,0,0,0,0,0,0,0
1002055,4,小策划老湿,0,0,0,0,0,0,0,1,80051,500,500,500,10000,50,0.00188,0.5,0,0,0,0,0,0,0,0,0,140,140,135000,150000,1,1,3,0,0,63,0,0,0,0,0,0,0,0,0,0,0,0,0,0,30,6,0,0,0,0,"0,0",0,0,500,0,0,0,0,0,0,0,0,0,0,0,0,0,0,0,0,1,0,0,0,0,0,0,0,0,0,0,0
1003011,1,赵铁牛,0,0,0,0,0,0,0,1,80071,2,5,0,10000,200,0.485,0.5,10000,"101,102,103","185,23,46","1,1,1",60,1,0,0,0,50,50,0,0,3,6,1,500,600,1,0,0,0,0,0,0,0,0,0,0,0,0,0,0,30,6,0,0,0,0,"0,0",0,0,5,0,0,0,0,0,0,0,0,0,0,0,0,0,0,0,0,0,0,0,0,0,1,26,45,0,0,50,100
1003012,2,陈美丽,0,0,0,0,0,0,0,1,80074,10,20,0,10000,140,0.097,0.5,5000,"101,102,103","222,28,56","1,1,1",71,1,0,0,0,80,80,0,0,1,4,3,1200,2000,15,0,0,0,0,0,0,0,0,0,0,0,1,0,0,30,6,0,0,0,0,"0,0",0,0,20,0,0,0,0,0,0,0,0,0,0,0,0,0,0,0,0,0,0,0,0,0,1,121,179,0,0,60,120
1003013,3,美术张红红,0,0,0,0,0,0,0,1,80077,50,50,0,10000,70,0.0194,0.5,2000,"101,102,103","834,104,209","1,1,1",271,1,0,0,0,100,100,0,0,1,1,3,0,0,32,0,0,0,0,0,0,0,0,0,0,0,1,0,0,14,6,0,0,0,0,"0,0",0,0,50,0,0,0,0,0,0,0,0,0,0,0,0,0,0,0,0,1,0,0,0,0,1,314,424,0,0,70,140
1003021,1,廖二狗,0,0,0,0,0,0,0,1,80072,3,8,0,10000,170,0.3233333,0.5,10000,"101,102,103","185,23,46","1,1,1",60,1,0,0,0,50,50,0,0,1,5,1,500,600,6,0,0,0,0,0,0,0,0,0,0,0,0,0,0,30,6,0,0,0,0,"0,0",0,0,8,0,0,0,0,0,0,0,0,0,0,0,0,0,0,0,0,0,0,0,0,0,1,35,57,0,0,50,100
1003022,2,汪大喵,0,0,0,0,0,0,0,1,80075,15,30,0,10000,125,0.0646667,0.5,5000,"101,102,103","222,28,56","1,1,1",71,1,0,0,0,80,80,0,0,1,3,3,1500,2200,19,0,0,0,0,0,0,0,0,0,0,0,1,0,0,30,6,0,0,0,0,"0,0",0,0,30,0,0,0,0,0,0,0,0,0,0,0,0,0,0,0,0,0,0,0,0,0,1,154,219,0,0,60,120
1003023,3,程序王蛋蛋,0,0,0,0,0,0,0,1,80078,80,100,0,10000,50,0.012125,0.5,2000,"101,102,103","834,104,209","1,1,1",271,1,0,0,0,100,100,0,0,1,1,3,0,0,36,0,0,0,0,0,0,0,0,0,0,0,1,0,0,24,6,0,0,0,0,"0,0",0,0,100,0,0,0,0,0,0,0,0,0,0,0,0,0,0,0,0,1,0,0,0,0,1,475,600,0,0,70,140
1003031,1,林二傻,0,0,0,0,0,0,0,1,80073,5,12,0,10000,160,0.194,0.5,10000,"101,102,103","185,23,46","1,1,1",60,1,0,0,0,50,50,0,0,1,5,1,600,700,9,0,0,0,0,0,0,0,0,0,0,0,0,0,0,30,6,0,0,0,0,"0,0",0,0,12,0,0,0,0,0,0,0,0,0,0,0,0,0,0,0,0,0,0,0,0,0,1,44,69,0,0,50,100
1003032,2,郑三炮,0,0,0,0,0,0,0,1,80076,20,40,0,10000,110,0.0485,0.5,5000,"101,102,103","222,28,56","1,1,1",71,1,0,0,0,80,80,0,0,1,2,3,1700,2500,22,0,0,0,0,0,0,0,0,0,0,0,1,0,0,30,6,0,0,0,0,"0,0",0,0,40,0,0,0,0,0,0,0,0,0,0,0,0,0,0,0,0,0,0,0,0,0,1,183,253,0,0,60,120
1003033,3,策划李萌萌,0,0,0,0,0,0,0,1,80079,120,150,0,10000,50,0.0080833,0.5,2000,"101,102,103","834,104,209","1,1,1",271,1,0,0,0,100,100,0,0,1,1,3,0,0,38,0,0,0,0,0,0,0,0,0,0,0,1,0,0,19,6,0,0,0,0,"0,0",0,0,150,0,0,0,0,0,0,0,0,0,0,0,0,0,0,0,0,1,0,0,0,0,1,606,735,0,0,70,140
1003041,32,测试小妹,0,0,0,0,0,0,0,1,80011,500,500,500,10000,50,0.00186,0.5,0,0,0,0,0,0,0,0,0,150,150,0,0,1,1,3,0,0,52,0,0,0,0,0,0,0,0,0,0,0,0,0,0,30,6,0,0,0,0,"0,0",0,0,500,0,0,0,0,0,0,0,0,0,0,0,0,0,0,0,0,1,0,0,0,0,0,0,0,500,100,1500,4500
1003042,32,美术姐姐,0,0,0,0,0,0,0,1,80012,500,500,500,10000,50,0.00186,0.5,0,0,0,0,0,0,0,0,0,150,150,0,0,1,1,3,0,0,48,0,0,0,0,0,0,0,0,0,0,0,0,0,0,30,6,0,0,0,0,"0,0",0,0,500,0,0,0,0,0,0,0,0,0,0,0,0,0,0,0,0,1,0,0,0,0,0,0,0,500,100,1500,4500
1003043,32,程序蜀黍,0,0,0,0,0,0,0,1,80013,500,500,500,10000,50,0.00186,0.5,0,0,0,0,0,0,0,0,0,150,150,0,0,1,1,3,0,0,50,0,0,0,0,0,0,0,0,0,0,0,0,0,0,30,6,0,0,0,0,"0,0",0,0,500,0,0,0,0,0,0,0,0,0,0,0,0,0,0,0,0,1,0,0,0,0,0,0,0,500,100,1500,4500
1003044,32,策划老湿,0,0,0,0,0,0,0,1,80014,500,500,500,10000,50,0.00186,0.5,0,0,0,0,0,0,0,0,0,150,150,0,0,1,1,3,0,0,51,0,0,0,0,0,0,0,0,0,0,0,0,0,0,30,6,0,0,0,0,"0,0",0,0,500,0,0,0,0,0,0,0,0,0,0,0,0,0,0,0,0,1,0,0,0,0,0,0,0,500,100,1500,4500
1003045,3,测试张二丫,0,0,0,0,0,0,0,1,80047,150,200,0,10000,50,0.0064667,0.5,2000,0,0,0,0,0,0,0,0,100,100,0,0,1,1,3,0,0,39,0,0,0,0,0,0,0,0,0,0,0,0,0,0,30,6,0,0,0,0,"0,0",0,0,200,0,0,0,0,0,0,0,0,0,0,0,0,0,0,0,0,1,0,0,0,0,0,721,849,0,0,70,140
1003051,33,制作人,0,0,0,0,1,0,0,1,80015,1500,1500,1000,10000,50,0.00036290322581,0.5,0,0,0,0,0,0,0,0,0,300,300,0,0,1,1,3,0,0,71,0,666,"5000,10000,20000,50000","6500,3125,300,75",0,0,0,0,0,1,10000,0,0,0,30,6,0,0,0,0,"0,0",0,0,1500,0,0,0,0,0,0,0,0,0,0,0,0,0,1,0,1,1,0,1,0,0,0,0,0,0,0,4000,8000
1003052,4,小测试妹妹,0,0,0,0,0,0,0,1,80048,500,500,500,10000,50,0.00186,0.5,0,0,0,0,0,0,0,0,0,140,140,135000,150000,1,1,3,0,0,60,0,0,0,0,0,0,0,0,0,0,0,0,0,0,30,6,0,0,0,0,"0,0",0,0,500,0,0,0,0,0,0,0,0,0,0,0,0,0,0,0,0,1,0,0,0,0,0,0,0,0,0,0,0
1003053,4,小美术姐姐,0,0,0,0,0,0,0,1,80049,500,500,500,10000,50,0.00186,0.5,0,0,0,0,0,0,0,0,0,140,140,135000,150000,1,1,3,0,0,61,0,0,0,0,0,0,0,0,0,0,0,0,0,0,30,6,0,0,0,0,"0,0",0,0,500,0,0,0,0,0,0,0,0,0,0,0,0,0,0,0,0,1,0,0,0,0,0,0,0,0,0,0,0
1003054,4,小程序蜀黍,0,0,0,0,0,0,0,1,80050,500,500,500,10000,50,0.00186,0.5,0,0,0,0,0,0,0,0,0,140,140,135000,150000,1,1,3,0,0,62,0,0,0,0,0,0,0,0,0,0,0,0,0,0,30,6,0,0,0,0,"0,0",0,0,500,0,0,0,0,0,0,0,0,0,0,0,0,0,0,0,0,1,0,0,0,0,0,0,0,0,0,0,0
1003055,4,小策划老湿,0,0,0,0,0,0,0,1,80051,500,500,500,10000,50,0.00186,0.5,0,0,0,0,0,0,0,0,0,140,140,135000,150000,1,1,3,0,0,63,0,0,0,0,0,0,0,0,0,0,0,0,0,0,30,6,0,0,0,0,"0,0",0,0,500,0,0,0,0,0,0,0,0,0,0,0,0,0,0,0,0,1,0,0,0,0,0,0,0,0,0,0,0